ONEWEB-0012             
1 44057U 19010A   26277.84079101 -.00000007  00000+0 -51088-4 0  9999
2 44057  87.9166 207.0186 0002436  72.1791 287.9606 13.16595132365991
ONEWEB-0010             
1 44058U 19010B   26277.86613109  .00000074  00000+0  16028-3 0  9990
2 44058  87.9176 207.0152 0001601  71.4379 288.6926 13.16594494366043
ONEWEB-0008             
1 44059U 19010C   26277.81546439  .00000102  00000+0  23346-3 0  9990
2 44059  87.9181 207.0199 0002121  84.5778 275.5595 13.16595585366158
ONEWEB-0007             
1 44060U 19010D   26277.86159414  .00000021  00000+0  22218-4 0  9998
2 44060  87.9009 237.3523 0001975  71.6653 288.4692 13.15549012365794
ONEWEB-0006             
1 44061U 19010E   26277.94161366  .00000106  00000+0  24742-3 0  9994
2 44061  87.9021 237.3119 0001835  82.1142 278.0197 13.15547861365857
ONEWEB-0011             
1 44062U 19010F   26277.90993634 -.00000038  00000+0 -13620-3 0  9991
2 44062  87.9026 237.3294 0001887  87.9170 272.2177 13.15548475365843
ONEWEB-0013             
1 45131U 20008A   26277.81934029 -.00000371  00000+0 -11126-2 0  9999
2 45131  87.8593  30.7046 0002592  89.1776 270.9648 13.09467787320410
ONEWEB-0017             
1 45132U 20008B   26277.80185498  .00000647  00000+0  18180-2 0  9998
2 45132  87.8919  14.4573 0001663 106.6166 253.5144 13.10373054322306
ONEWEB-0020             
1 45133U 20008C   26277.77130177 -.00000509  00000+0 -14939-2 0  9996
2 45133  87.8915  14.4642 0001775 102.2137 257.9190 13.10375103322692
ONEWEB-0021             
1 45134U 20008D   26277.78656832  .00000299  00000+0  82059-3 0  9992
2 45134  87.8914  14.4705 0001751  98.5529 261.5797 13.10377113323001
ONEWEB-0023             
1 45136U 20008F   26277.79761751  .00000588  00000+0  16481-2 0  9998
2 45136  87.8915  14.4576 0001975 104.6063 255.5283 13.10372581322433
ONEWEB-0024             
1 45137U 20008G   26277.76973152 -.00000570  00000+0 -16697-2 0  9998
2 45137  87.8932  14.4630 0001712 101.2783 258.8537 13.10375964322598
ONEWEB-0025             
1 45138U 20008H   26277.76944913 -.00000654  00000+0 -19102-2 0  9999
2 45138  87.8930  14.4520 0001839 117.3197 242.8118 13.10374652322920
ONEWEB-0026             
1 45139U 20008J   26277.94975083 -.00000582  00000+0 -16793-2 0  9995
2 45139  87.8967 359.2565 0001696 103.6809 256.4508 13.11416834325498
ONEWEB-0028             
1 45140U 20008K   26277.92406181  .00000321  00000+0  86915-3 0  9996
2 45140  87.8958 359.2638 0002297  93.8036 266.3355 13.11415253323000
ONEWEB-0032             
1 45141U 20008L   26277.72732669  .00000633  00000+0  17762-2 0  9997
2 45141  87.8918  14.4743 0002256  98.7070 261.4313 13.10371572322644
ONEWEB-0033             
1 45142U 20008M   26277.77808524 -.00000194  00000+0 -59095-3 0  9997
2 45142  87.8913  14.4662 0001285 106.8992 253.2276 13.10376225322563
ONEWEB-0035             
1 45143U 20008N   26277.79860324  .00000631  00000+0  17721-2 0  9999
2 45143  87.8919  14.4581 0001717 100.7218 259.4103 13.10372469322297
ONEWEB-0036             
1 45144U 20008P   26277.77625165 -.00000333  00000+0 -99040-3 0  9996
2 45144  87.8939  14.4927 0001951 102.0339 258.1007 13.10375509322717
ONEWEB-0038             
1 45145U 20008Q   26277.73103329 -.00000342  00000+0 -10007-2 0  9991
2 45145  87.8981 359.3229 0001819  46.4007 313.7272 13.11419210324686
ONEWEB-0039             
1 45146U 20008R   26277.78146979  .00000020  00000+0  19731-4 0  9991
2 45146  87.8924  14.4613 0002223  93.5187 266.6195 13.10377354322513
ONEWEB-0040             
1 45147U 20008S   26277.77469134 -.00000309  00000+0 -92064-3 0  9993
2 45147  87.8911  14.4673 0002060 107.0615 253.0739 13.10375309322211
ONEWEB-0043             
1 45149U 20008U   26277.77653141 -.00000616  00000+0 -18005-2 0  9991
2 45149  87.8900  14.4621 0001748  89.6752 270.4576 13.10372564322530
ONEWEB-0044             
1 45150U 20008V   26277.80524753  .00000578  00000+0  16193-2 0  9994
2 45150  87.8913  14.4577 0001958 102.6221 257.5126 13.10371851322834
ONEWEB-0045             
1 45151U 20008W   26277.95470269 -.00000557  00000+0 -16081-2 0  9998
2 45151  87.8972 359.2538 0001866  98.1054 262.0286 13.11417755324798
ONEWEB-0047             
1 45152U 20008X   26277.79831937  .00000653  00000+0  18345-2 0  9994
2 45152  87.8928  14.4634 0001578  99.1619 260.9687 13.10372931322554
ONEWEB-0048             
1 45153U 20008Y   26277.79336984  .00000572  00000+0  16011-2 0  9995
2 45153  87.8916  14.4740 0001766  97.2082 262.9246 13.10375195322167
ONEWEB-0049             
1 45154U 20008Z   26277.79662780  .00000618  00000+0  17331-2 0  9999
2 45154  87.8914  14.4629 0002111 109.9431 250.1924 13.10373247322388
ONEWEB-0051             
1 45155U 20008AA  26277.95299837 -.00000579  00000+0 -16681-2 0  9992
2 45155  87.8970 359.2569 0001820 101.9127 258.2206 13.11418358325473
ONEWEB-0052             
1 45156U 20008AB  26277.81724896  .00000134  00000+0  34810-3 0  9996
2 45156  87.8918  14.4524 0002148 106.2891 253.8473 13.10368534322290
ONEWEB-0053             
1 45157U 20008AC  26277.77298925 -.00000437  00000+0 -12890-2 0  9992
2 45157  87.8912  14.4744 0002231  99.2357 260.9023 13.10375898322268
ONEWEB-0054             
1 45158U 20008AD  26277.80864195  .00000522  00000+0  14582-2 0  9998
2 45158  87.8908  14.4563 0001804 104.4571 255.6757 13.10370415322383
ONEWEB-0056             
1 45159U 20008AE  26277.77964621 -.00000101  00000+0 -32526-3 0  9994
2 45159  87.8931  14.4610 0001742 110.8509 249.2805 13.10375722322532
ONEWEB-0057             
1 45160U 20008AF  26277.79689460  .00000588  00000+0  16484-2 0  9994
2 45160  87.8925  14.4667 0002316 102.1625 257.9762 13.10375017322704
ONEWEB-0058             
1 45161U 20008AG  26277.78332752  .00000099  00000+0  24859-3 0  9996
2 45161  87.8911  14.4653 0001536  96.9143 263.2159 13.10376890322770
ONEWEB-0059             
1 45162U 20008AH  26277.77992343 -.00000106  00000+0 -34084-3 0  9996
2 45162  87.8920  14.4698 0002188  98.3800 261.7575 13.10375198322674
ONEWEB-0062             
1 45163U 20008AJ  26277.80341413  .00000616  00000+0  17297-2 0  9997
2 45163  87.8922  14.4592 0001450 102.6083 257.5207 13.10372215322541
ONEWEB-0065             
1 45164U 20008AK  26277.76096917 -.00000686  00000+0 -20008-2 0  9992
2 45164  87.8924  14.4757 0002047 107.3882 252.7470 13.10372859322238
ONEWEB-0066             
1 45424U 20020A   26277.93775481 -.00000276  00000+0 -81424-3 0  9999
2 45424  87.8964 359.2595 0001792  96.7680 263.3652 13.11415436317069
ONEWEB-0067             
1 45425U 20020B   26277.74596538  .00000255  00000+0  68238-3 0  9996
2 45425  87.8988 359.2424 0002025  98.8325 261.3032 13.11429437317095
ONEWEB-0080             
1 45426U 20020C   26277.74632016  .00000264  00000+0  70788-3 0  9992
2 45426  87.8978 359.3072 0001490 102.3514 257.7781 13.11417461317062
ONEWEB-0090             
1 45427U 20020D   26277.92770823  .00000157  00000+0  40650-3 0  9998
2 45427  87.8973 359.2741 0001754 102.1494 257.9830 13.11416736317058
ONEWEB-0061             
1 45428U 20020E   26277.95965519 -.00000438  00000+0 -12703-2 0  9991
2 45428  87.8973 359.2487 0001790 100.6610 259.4719 13.11418347317018
ONEWEB-0081             
1 45429U 20020F   26277.94114095 -.00000440  00000+0 -12772-2 0  9995
2 45429  87.8968 359.2603 0002039  99.9266 260.2092 13.11415829317125
ONEWEB-0069             
1 45430U 20020G   26277.94297349 -.00000490  00000+0 -14188-2 0  9999
2 45430  87.8973 359.2653 0001883  94.8407 265.2936 13.11416691317057
ONEWEB-0031             
1 45431U 20020H   26277.74954877  .00000413  00000+0  11291-2 0  9999
2 45431  87.8962 359.2982 0001647 102.6636 257.4676 13.11419433317018
ONEWEB-0027             
1 45432U 20020J   26277.91284864 -.00000091  00000+0 -26653-3 0  9994
2 45432  87.9185 344.0827 0001707 111.1433 248.9882 13.17648158320803
ONEWEB-0064             
1 45433U 20020K   26277.74785690  .00000346  00000+0  94151-3 0  9998
2 45433  87.8970 359.2966 0001697 104.9181 255.2135 13.11419118317045
ONEWEB-0018             
1 45434U 20020L   26277.93251681 -.00000099  00000+0 -31396-3 0  9997
2 45434  87.8968 359.2603 0001841  87.9534 272.1805 13.11416299317010
ONEWEB-0083             
1 45435U 20020M   26277.92264792  .00000356  00000+0  96977-3 0  9994
2 45435  87.8975 359.2617 0001761 100.7963 259.3363 13.11414905317057
ONEWEB-0095             
1 45436U 20020N   26277.76155322  .00000529  00000+0  14576-2 0  9991
2 45436  87.8962 359.2949 0002096 120.3729 239.7607 13.11417797317035
ONEWEB-0092             
1 45437U 20020P   26277.94465626 -.00000500  00000+0 -14476-2 0  9993
2 45437  87.8973 359.2561 0001737  94.1019 266.0308 13.11417129317174
ONEWEB-0085             
1 45438U 20020Q   26277.92236259  .00000315  00000+0  85351-3 0  9993
2 45438  87.8967 359.2619 0001822 101.8399 258.2934 13.11415151317052
ONEWEB-0096             
1 45439U 20020R   26277.92433699  .00000251  00000+0  67276-3 0  9996
2 45439  87.8970 359.2615 0001837 105.2039 254.9293 13.11415315317040
ONEWEB-0037             
1 45440U 20020S   26277.94948404 -.00000581  00000+0 -16761-2 0  9995
2 45440  87.8982 359.2365 0001848 106.8577 253.2754 13.11417227317085
ONEWEB-0042             
1 45441U 20020T   26277.76128853  .00000508  00000+0  13983-2 0  9994
2 45441  87.8971 359.2901 0001947 100.3052 259.8296 13.11417730317023
ONEWEB-0098             
1 45442U 20020U   26277.75718777  .00000588  00000+0  16223-2 0  9992
2 45442  87.8959 359.2961 0001765 100.9653 259.1674 13.11416166317000
ONEWEB-0055             
1 45443U 20020V   26277.73585962 -.00000182  00000+0 -54806-3 0  9991
2 45443  87.8976 359.3050 0001875 102.9336 257.2001 13.11418664316975
ONEWEB-0093             
1 45444U 20020W   26277.95795126 -.00000467  00000+0 -13536-2 0  9991
2 45444  87.8974 359.2600 0001971  93.6269 266.5085 13.11418733317065
ONEWEB-0029             
1 45445U 20020X   26277.74292713  .00000158  00000+0  41065-3 0  9997
2 45445  87.8968 359.2972 0001956  94.8044 265.3307 13.11419078317010
ONEWEB-0068             
1 45446U 20020Y   26277.94440004 -.00000531  00000+0 -15340-2 0  9991
2 45446  87.8969 359.2593 0001916  95.7769 264.3577 13.11415978316989
ONEWEB-0046             
1 45447U 20020Z   26277.93606048 -.00000244  00000+0 -72392-3 0  9995
2 45447  87.8966 359.2603 0002103 101.1055 259.0309 13.11415252316998
ONEWEB-0063             
1 45448U 20020AA  26277.73612097 -.00000161  00000+0 -48996-3 0  9996
2 45448  87.8972 359.3080 0002024 108.2747 251.8601 13.11419642317054
ONEWEB-0019             
1 45449U 20020AB  26277.92745027  .00000092  00000+0  22311-3 0  9992
2 45449  87.8969 359.2507 0001598 100.7603 259.3705 13.11414850316926
ONEWEB-0094             
1 45450U 20020AC  26277.93071913  .00000039  00000+0  66606-4 0  9998
2 45450  87.9191 344.0702 0001770  92.5299 267.6036 13.17648933320769
ONEWEB-0087             
1 45451U 20020AD  26277.66972056 -.00000327  00000+0 -95868-3 0  9990
2 45451  87.8972 359.2995 0001844 102.7042 257.4292 13.11442831316938
ONEWEB-0082             
1 45452U 20020AE  26277.74263827  .00000138  00000+0  35239-3 0  9993
2 45452  87.8975 359.2967 0002197  93.0724 267.0655 13.11419566317033
ONEWEB-0050             
1 45453U 20020AF  26277.84200031  .00001527  00000+0  15367-3 0  9996
2 45453  88.9365 218.3290 0001835 351.7075   8.4123 14.90678543356719
ONEWEB-0034             
1 45454U 20020AG  26277.93281345 -.00000058  00000+0 -20003-3 0  9997
2 45454  87.8972 359.2690 0001865 101.3895 258.7443 13.11415664316977
ONEWEB-0060             
1 45455U 20020AH  26277.73513897 -.00000189  00000+0 -56798-3 0  9991
2 45455  87.8970 359.2989 0002117  73.3707 286.7653 13.11418668316902
ONEWEB-0086             
1 45456U 20020AJ  26277.94270033 -.00000492  00000+0 -14228-2 0  9995
2 45456  87.8977 359.2611 0001481  77.6295 282.4999 13.11416103316991
ONEWEB-0088             
1 45457U 20020AK  26277.92080985  .00000414  00000+0  11314-2 0  9994
2 45457  87.8978 359.2449 0002232 104.8590 255.2785 13.11415707316921
ONEWEB-0102             
1 47258U 20100A   26277.91548915  .00000260  00000+0  68735-3 0  9994
2 47258  87.8949 328.8856 0001711  93.4229 266.7095 13.12442641279126
ONEWEB-0109             
1 47259U 20100B   26277.84768622  .00000028  00000+0  42344-4 0  9997
2 47259  87.8957 328.8923 0001741 101.2581 258.8743 13.12443911278945
ONEWEB-0110             
1 47260U 20100C   26277.87482749 -.00000344  00000+0 -99089-3 0  9995
2 47260  87.8959 328.8710 0001751  88.6611 271.4718 13.12444002279111
ONEWEB-0111             
1 47261U 20100D   26277.90533742  .00000429  00000+0  11565-2 0  9994
2 47261  87.8950 328.8816 0001914  94.5611 265.5736 13.12442931278951
ONEWEB-0114             
1 47262U 20100E   26277.85957650 -.00000385  00000+0 -11058-2 0  9997
2 47262  87.8953 328.8908 0001628 103.7187 256.4123 13.12441965278900
ONEWEB-0117             
1 47263U 20100F   26277.85111524 -.00000080  00000+0 -25676-3 0  9994
2 47263  87.8956 328.8812 0001868  96.3187 263.8154 13.12442211278913
ONEWEB-0118             
1 47264U 20100G   26277.65629530  .00000013  00000+0  97355-6 0  9994
2 47264  87.8957 328.9229 0002045 106.3743 253.7611 13.12443412279085
ONEWEB-0119             
1 47265U 20100H   26277.91041317  .00000348  00000+0  93225-3 0  9995
2 47265  87.8947 328.8792 0001846  97.8835 262.2503 13.12442335279092
ONEWEB-0120             
1 47266U 20100J   26277.85801169 -.00000346  00000+0 -99760-3 0  9998
2 47266  87.8947 328.8915 0001695 101.8378 258.2941 13.12443229279117
ONEWEB-0121             
1 47267U 20100K   26277.84602608  .00000056  00000+0  12093-3 0  9995
2 47267  87.8958 328.8906 0002054  90.1707 269.9657 13.12442337279028
ONEWEB-0122             
1 47268U 20100L   26277.84010484  .00000276  00000+0  73058-3 0  9993
2 47268  87.8952 328.8949 0001685  97.3097 262.8223 13.12442418278930
ONEWEB-0123             
1 47269U 20100M   26277.91209222  .00000356  00000+0  95529-3 0  9998
2 47269  87.8953 328.8794 0001939 100.1726 259.9622 13.12442961279084
ONEWEB-0124             
1 47270U 20100N   26277.90194364  .00000392  00000+0  10533-2 0  9990
2 47270  87.8946 328.8817 0001791  90.1720 269.9614 13.12443059278969
ONEWEB-0125             
1 47271U 20100P   26277.95615336 -.00000160  00000+0 -48101-3 0  9991
2 47271  87.8959 328.8672 0002182  96.6841 263.4536 13.12444309279033
ONEWEB-0126             
1 47272U 20100Q   26277.67167369  .00000436  00000+0  11772-2 0  9996
2 47272  87.8951 328.9318 0001792 101.1713 258.9618 13.12443362279061
ONEWEB-0127             
1 47273U 20100R   26277.94258621 -.00000418  00000+0 -11977-2 0  9998
2 47273  87.8959 328.8729 0001764 100.2632 259.8695 13.12443700279122
ONEWEB-0128             
1 47274U 20100S   26277.88836959  .00000086  00000+0  20337-3 0  9998
2 47274  87.8945 328.8960 0001764  88.9461 271.1869 13.12445020279135
ONEWEB-0129             
1 47275U 20100T   26277.86804769 -.00000466  00000+0 -13301-2 0  9997
2 47275  87.8958 328.8851 0001409 134.4967 225.6277 13.12442929279067
ONEWEB-0130             
1 47276U 20100U   26277.89516380  .00000297  00000+0  79100-3 0  9990
2 47276  87.8958 328.8763 0001820  97.2759 262.8577 13.12443617279030
ONEWEB-0131             
1 47277U 20100V   26277.89177809  .00000198  00000+0  51560-3 0  9990
2 47277  87.8947 328.8832 0001793  93.8939 266.2394 13.12443654279077
ONEWEB-0132             
1 47278U 20100W   26277.84434523  .00000102  00000+0  24728-3 0  9996
2 47278  87.8949 328.8975 0001911  95.8826 264.2520 13.12441833278960
ONEWEB-0133             
1 47279U 20100X   26277.93737699 -.00000391  00000+0 -11224-2 0  9995
2 47279  87.8963 328.8674 0001820  93.2721 266.8616 13.12442912279131
ONEWEB-0134             
1 47280U 20100Y   26277.90702266  .00000432  00000+0  11666-2 0  9990
2 47280  87.8963 328.8705 0001594  96.3020 263.8290 13.12442927279100
ONEWEB-0135             
1 47281U 20100Z   26277.87822539 -.00000262  00000+0 -76424-3 0  9990
2 47281  87.8952 328.8858 0001613  92.3052 267.8261 13.12443259279124
ONEWEB-0136             
1 47282U 20100AA  26277.89685376  .00000390  00000+0  10496-2 0  9995
2 47282  87.8958 328.8716 0001521  97.0910 263.0392 13.12441755279051
ONEWEB-0137             
1 47283U 20100AB  26277.85449841 -.00000226  00000+0 -66396-3 0  9998
2 47283  87.8951 328.8932 0001980  99.6808 260.4544 13.12442596278950
ONEWEB-0138             
1 47284U 20100AC  26277.90871116  .00000383  00000+0  10279-2 0  9999
2 47284  87.8952 328.8840 0001628  98.9235 261.2078 13.12443103279042
ONEWEB-0139             
1 47285U 20100AD  26277.94951808 -.00000376  00000+0 -10814-2 0  9990
2 47285  87.8957 328.8630 0001821  98.6256 261.5079 13.12443393279124
ONEWEB-0140             
1 47286U 20100AE  26277.67492005  .00000415  00000+0  11183-2 0  9992
2 47286  87.8959 328.9103 0001873  93.7344 266.3999 13.12443189279053
ONEWEB-0141             
1 47287U 20100AF  26277.94923532 -.00000357  00000+0 -10267-2 0  9996
2 47287  87.8958 328.8600 0002070 103.8106 256.3253 13.12443793279078
ONEWEB-0142             
1 47288U 20100AG  26277.86139916 -.00000381  00000+0 -10958-2 0  9997
2 47288  87.8952 328.8925 0001724 111.1522 248.9791 13.12442654279059
ONEWEB-0143             
1 47289U 20100AH  26277.87142663 -.00000393  00000+0 -11264-2 0  9996
2 47289  87.8951 328.8904 0001901 101.9604 258.1738 13.12444870279035
ONEWEB-0144             
1 47290U 20100AJ  26277.84263938  .00000165  00000+0  42312-3 0  9998
2 47290  87.8961 328.8796 0001533 105.0723 255.0576 13.12442364278957
ONEWEB-0145             
1 47291U 20100AK  26277.89007876  .00000143  00000+0  36112-3 0  9998
2 47291  87.8950 328.8859 0001696 101.3327 258.7992 13.12443390279150
ONEWEB-0146             
1 47292U 20100AL  26277.88670106  .00000010  00000+0 -76234-5 0  9995
2 47292  87.8953 328.8854 0002068  89.3564 270.7802 13.12443624279065
ONEWEB-0147             
1 47293U 20100AM  26277.85281072 -.00000229  00000+0 -67274-3 0  9998
2 47293  87.8960 328.8764 0001746  94.1011 266.0318 13.12442306278950
ONEWEB-0115             
1 48042U 21025A   26277.79529483 -.00000157  00000+0 -46474-3 0  9991
2 48042  87.8897 298.4088 0001893  90.8044 269.3302 13.13467998267980
ONEWEB-0152             
1 48043U 21025B   26277.96118792  .00000202  00000+0  51794-3 0  9998
2 48043  87.8895 298.3768 0002000  92.1577 267.9781 13.13469371267960
ONEWEB-0153             
1 48044U 21025C   26277.78681294 -.00000305  00000+0 -87144-3 0  9995
2 48044  87.8899 298.4100 0001827  95.3906 264.7432 13.13469914267931
ONEWEB-0154             
1 48045U 21025D   26277.85959533 -.00000301  00000+0 -85991-3 0  9992
2 48045  87.8895 298.3964 0001835  92.2097 267.9242 13.13470723267902
ONEWEB-0116             
1 48046U 21025E   26277.97471976  .00000293  00000+0  76686-3 0  9995
2 48046  87.8899 298.3717 0001888  89.1496 270.9849 13.13469703268060
ONEWEB-0150             
1 48047U 21025F   26277.87484247 -.00000062  00000+0 -20578-3 0  9995
2 48047  87.8899 298.3900 0001992  96.9043 263.2313 13.13471003267948
ONEWEB-0107             
1 48048U 21025G   26277.80035548 -.00000037  00000+0 -13539-3 0  9996
2 48048  87.8896 298.4002 0001785  98.2887 261.8445 13.13470903267916
ONEWEB-0101             
1 48049U 21025H   26277.76310971  .00000004  00000+0 -23527-4 0  9990
2 48049  87.8896 298.4125 0001681  92.9096 267.2226 13.13470233267880
ONEWEB-0113             
1 48050U 21025J   26277.98079937  .00000266  00000+0  69038-3 0  9995
2 48050  87.8889 298.2657 0002002  95.6032 264.5326 13.13892256268021
ONEWEB-0112             
1 48051U 21025K   26277.95779542  .00000081  00000+0  18560-3 0  9991
2 48051  87.8899 298.3672 0001603  94.8360 265.2952 13.13470119268003
ONEWEB-0156             
1 48052U 21025L   26277.96626016  .00000241  00000+0  62462-3 0  9998
2 48052  87.8900 298.3749 0001861  96.9162 263.2179 13.13469302267988
ONEWEB-0161             
1 48053U 21025M   26277.86469085 -.00000225  00000+0 -65245-3 0  9995
2 48053  87.8898 298.3952 0001801 100.0576 260.0757 13.13469644267909
ONEWEB-0158             
1 48054U 21025N   26277.97639935  .00000312  00000+0  82026-3 0  9992
2 48054  87.8899 298.3714 0001842  83.5944 276.5395 13.13470610268047
ONEWEB-0157             
1 48055U 21025P   26277.84943416 -.00000195  00000+0 -56873-3 0  9993
2 48055  87.8890 298.3968 0001631 104.1442 255.9869 13.13470719267966
ONEWEB-0162             
1 48056U 21025Q   26277.97797714  .00000263  00000+0  68658-3 0  9994
2 48056  87.8898 298.3712 0001985  95.8638 264.2717 13.13469213267958
ONEWEB-0155             
1 48057U 21025R   26277.75631990  .00000212  00000+0  54556-3 0  9990
2 48057  87.8897 298.4159 0001830  96.2617 263.8720 13.13470672268068
ONEWEB-0149             
1 48058U 21025S   26277.77835209 -.00000265  00000+0 -76134-3 0  9998
2 48058  87.8890 298.4132 0002015  96.2212 263.9147 13.13469033267871
ONEWEB-0148             
1 48059U 21025T   26277.96963819  .00000315  00000+0  82627-3 0  9997
2 48059  87.8890 298.3761 0002260 104.0979 256.0402 13.13470105268026
ONEWEB-0160             
1 48060U 21025U   26277.75803478  .00000161  00000+0  40619-3 0  9994
2 48060  87.8888 298.4143 0002273  76.1189 284.0193 13.13469787267948
ONEWEB-0163             
1 48061U 21025V   26277.97133795  .00000287  00000+0  75163-3 0  9998
2 48061  87.8897 298.3748 0001635 100.5885 259.5429 13.13468649268097
ONEWEB-0159             
1 48062U 21025W   26277.81052060  .00000234  00000+0  60561-3 0  9995
2 48062  87.8900 298.4025 0001663  99.2806 260.8511 13.13470184267992
ONEWEB-0164             
1 48063U 21025X   26277.79188973 -.00000192  00000+0 -55942-3 0  9998
2 48063  87.8892 298.4107 0001836  90.5657 269.5683 13.13470400267979
ONEWEB-0167             
1 48064U 21025Y   26277.81981288  .00000320  00000+0  84009-3 0  9999
2 48064  87.8889 298.4068 0001202  95.3787 264.7479 13.13471151267969
ONEWEB-0166             
1 48065U 21025Z   26277.84267292 -.00000102  00000+0 -31518-3 0  9992
2 48065  87.8899 298.3828 0001875  94.5535 265.5809 13.13469170268046
ONEWEB-0151             
1 48066U 21025AA  26277.76817779 -.00000126  00000+0 -37894-3 0  9994
2 48066  87.8896 298.4110 0001738  91.9499 268.1830 13.13470510267971
ONEWEB-0170             
1 48067U 21025AB  26277.85283558 -.00000269  00000+0 -77251-3 0  9996
2 48067  87.8898 298.3970 0001793  76.2943 283.8386 13.13468332267944
ONEWEB-0168             
1 48068U 21025AC  26277.76142399  .00000104  00000+0  25059-3 0  9999
2 48068  87.8893 298.4156 0001779  92.8672 267.2661 13.13469223267946
ONEWEB-0173             
1 48069U 21025AD  26277.98148183  .00000273  00000+0  71196-3 0  9991
2 48069  87.8897 298.3706 0001573  99.7162 260.4145 13.13469844268215
ONEWEB-0171             
1 48070U 21025AE  26277.79020061 -.00000283  00000+0 -80962-3 0  9990
2 48070  87.8890 298.4115 0001758  91.2768 268.8562 13.13469202268009
ONEWEB-0172             
1 48071U 21025AF  26277.76989001  .00000914  00000+0  24677-2 0  9995
2 48071  87.8894 298.4142 0001564  93.9243 266.2065 13.13464438268899
ONEWEB-0174             
1 48072U 21025AG  26277.97980750  .00000192  00000+0  49019-3 0  9997
2 48072  87.8901 298.3718 0001908  97.2995 262.8351 13.13468258268243
ONEWEB-0175             
1 48073U 21025AH  26277.78173649 -.00000355  00000+0 -10072-2 0  9997
2 48073  87.8897 298.3975 0001609  85.7167 274.4146 13.13468913267871
ONEWEB-0177             
1 48074U 21025AJ  26277.79357183 -.00000091  00000+0 -28476-3 0  9991
2 48074  87.8894 298.4089 0001840 101.8745 258.2590 13.13469675268066
ONEWEB-0178             
1 48075U 21025AK  26277.96469789  .00000241  00000+0  62589-3 0  9995
2 48075  87.8885 298.3797 0001583  93.2674 266.8637 13.13470205268137
ONEWEB-0108             
1 48076U 21025AL  26277.84775929 -.00000177  00000+0 -51873-3 0  9993
2 48076  87.8901 298.3934 0001999  82.8734 277.2623 13.13472136268048
ONEWEB-0169             
1 48077U 21025AM  26277.95610442  .00000023  00000+0  28106-4 0  9996
2 48077  87.8895 298.3770 0001902  96.4008 263.7338 13.13468947266718
ONEWEB-0176             
1 48210U 21031A   26277.93971013 -.00000071  00000+0 -22537-3 0  9990
2 48210  87.8902 267.8017 0001781  85.5729 274.5604 13.14503304262737
ONEWEB-0184             
1 48211U 21031B   26277.91434916 -.00000096  00000+0 -29467-3 0  9991
2 48211  87.8902 267.8125 0001295  66.9530 293.1736 13.14501296262709
ONEWEB-0179             
1 48212U 21031C   26277.96893260 -.00004878  00000+0 -45531-3 0  9990
2 48212  87.8955 259.7574 0348068 248.5712 107.8044 14.58086489264872
ONEWEB-0180             
1 48213U 21031D   26277.91771767 -.00000100  00000+0 -30293-3 0  9996
2 48213  87.8907 267.8118 0001542  94.8037 265.3269 13.14505108262635
ONEWEB-0218             
1 48214U 21031E   26277.93803469 -.00000039  00000+0 -14021-3 0  9996
2 48214  87.8904 267.8062 0001090  89.1181 271.0074 13.14502683262796
ONEWEB-0209             
1 48215U 21031F   26277.92788340 -.00000150  00000+0 -43921-3 0  9991
2 48215  87.8902 267.8175 0001788  94.6143 265.5191 13.14502652262797
ONEWEB-0198             
1 48216U 21031G   26277.91281228 -.00000069  00000+0 -21954-3 0  9995
2 48216  87.8891 267.8093 0001465  94.5072 265.6225 13.14502222262901
ONEWEB-0189             
1 48217U 21031H   26277.92449219 -.00000129  00000+0 -38116-3 0  9998
2 48217  87.8912 267.8082 0001610  91.9560 268.1754 13.14503094262643
ONEWEB-0196             
1 48218U 21031J   26277.98033195  .00000121  00000+0  29111-3 0  9992
2 48218  87.8903 267.8029 0001750  92.3839 267.7491 13.14503571262658
ONEWEB-0183             
1 48219U 21031K   26277.95325853  .00000194  00000+0  48745-3 0  9999
2 48219  87.8902 267.8046 0002052  91.0013 269.1351 13.14502825262745
ONEWEB-0185             
1 48220U 21031L   26277.97947892  .00000216  00000+0  54933-3 0  9997
2 48220  87.8903 267.7980 0002078 100.7581 259.3783 13.14502176262671
ONEWEB-0187             
1 48221U 21031M   26277.95986394  .00000244  00000+0  62333-3 0  9990
2 48221  87.8900 267.8119 0001822  91.0079 269.1259 13.14505247262684
ONEWEB-0192             
1 48222U 21031N   26277.92958038 -.00000158  00000+0 -45950-3 0  9994
2 48222  87.8899 267.8069 0001796  87.9987 272.1348 13.14502615262597
ONEWEB-0219             
1 48223U 21031P   26277.90929048 -.00000014  00000+0 -71452-4 0  9990
2 48223  87.8908 267.8124 0001877  93.7581 266.3763 13.14503673262799
ONEWEB-0202             
1 48224U 21031Q   26277.96677593  .00000280  00000+0  72203-3 0  9999
2 48224  87.8900 267.8076 0001203  84.1756 275.9511 13.14504895262782
ONEWEB-0204             
1 48225U 21031R   26277.92365195 -.00000202  00000+0 -57982-3 0  9991
2 48225  87.8903 267.8108 0002199  89.8348 270.3033 13.14501039262679
ONEWEB-0205             
1 48226U 21031S   26277.97692279  .00000172  00000+0  42879-3 0  9996
2 48226  87.8903 267.7985 0001732  94.2728 265.8600 13.14504700262695
ONEWEB-0206             
1 48227U 21031T   26277.94818150  .00000041  00000+0  77416-4 0  9993
2 48227  87.8907 267.8030 0001992  84.2647 275.8710 13.14503537262644
ONEWEB-0182             
1 48228U 21031U   26277.94309903 -.00000054  00000+0 -18035-3 0  9992
2 48228  87.8899 267.8073 0002066  87.6425 272.4941 13.14502107262850
ONEWEB-0186             
1 48229U 21031V   26277.95495503  .00000198  00000+0  49985-3 0  9991
2 48229  87.8905 267.8046 0001804  88.7612 271.3724 13.14502752262806
ONEWEB-0181             
1 48230U 21031W   26277.93291585 -.00000114  00000+0 -34152-3 0  9995
2 48230  87.8900 267.8221 0001770  98.1714 261.9616 13.14506522262655
ONEWEB-0188             
1 48231U 21031X   26277.97187299  .00000228  00000+0  57947-3 0  9997
2 48231  87.8902 267.8145 0001885  89.1542 270.9803 13.14503040262569
ONEWEB-0220             
1 48232U 21031Y   26277.93379950 -.00000137  00000+0 -40527-3 0  9998
2 48232  87.8902 267.8077 0001879  92.8892 267.2453 13.14501126262828
ONEWEB-0165             
1 48233U 21031Z   26277.96341865  .00000282  00000+0  72678-3 0  9997
2 48233  87.8904 267.8107 0001509  91.5819 268.5483 13.14503372262787
ONEWEB-0199             
1 48234U 21031AA  26277.94647552  .00000005  00000+0 -19691-4 0  9999
2 48234  87.8908 267.8046 0001992  81.9932 278.1424 13.14504054262688
ONEWEB-0203             
1 48235U 21031AB  26277.93633570 -.00000160  00000+0 -46613-3 0  9990
2 48235  87.8902 267.8073 0001784  79.5659 280.5671 13.14503077262697
ONEWEB-0197             
1 48236U 21031AC  26277.91250141 -.00000082  00000+0 -25676-3 0  9997
2 48236  87.8899 267.7916 0002059  88.0613 272.0753 13.14505112262609
ONEWEB-0194             
1 48237U 21031AD  26277.96845616  .00000278  00000+0  71561-3 0  9999
2 48237  87.8904 267.8061 0001904  81.5361 278.5985 13.14506009262788
ONEWEB-0193             
1 48238U 21031AE  26277.98371242  .00000039  00000+0  69970-4 0  9998
2 48238  87.8912 267.7975 0002026  76.5335 283.6020 13.14502977262734
ONEWEB-0191             
1 48239U 21031AF  26277.91942390 -.00000133  00000+0 -39387-3 0  9995
2 48239  87.8904 267.8105 0001984  89.3860 270.7498 13.14501036262583
ONEWEB-0195             
1 48240U 21031AG  26277.96387336  .00000157  00000+0  38223-3 0  9997
2 48240  87.8901 267.7970 0001517  92.4177 267.7127 13.15777209262571
ONEWEB-0201             
1 48241U 21031AH  26277.96015545  .00000259  00000+0  66390-3 0  9997
2 48241  87.8901 267.8132 0002096  97.0327 263.1041 13.14503509262804
ONEWEB-0207             
1 48242U 21031AJ  26277.93887570 -.00000112  00000+0 -33746-3 0  9999
2 48242  87.8904 267.8063 0002284  93.3925 266.7466 13.14501201262710
ONEWEB-0208             
1 48243U 21031AK  26277.92112332 -.00000160  00000+0 -46542-3 0  9997
2 48243  87.8900 267.8119 0001602  92.3719 267.7594 13.14502785262724
ONEWEB-0200             
1 48244U 21031AL  26277.96170894  .00000268  00000+0  68910-3 0  9999
2 48244  87.8907 267.8008 0001871  96.6186 263.5157 13.14504665262652
ONEWEB-0217             
1 48245U 21031AM  26277.97862521  .00000186  00000+0  46751-3 0  9994
2 48245  87.8906 267.7998 0001534  88.1460 271.9845 13.14504259262607
ONEWEB-0211             
1 48767U 21045A   26277.96359272  .00000100  00000+0  23061-3 0  9996
2 48767  87.9018 237.1723 0001239  74.0577 286.0690 13.16197974258887
ONEWEB-0223             
1 48768U 21045B   26277.86793696  .00000095  00000+0  21896-3 0  9995
2 48768  87.9019 237.3292 0001626  71.3303 288.8004 13.15548359258828
ONEWEB-0230             
1 48769U 21045C   26277.83941245 -.00000044  00000+0 -15165-3 0  9996
2 48769  87.9020 237.3433 0002106  79.1781 280.9586 13.15548825259083
ONEWEB-0237             
1 48770U 21045D   26277.90436348 -.00000022  00000+0 -93176-4 0  9994
2 48770  87.9018 237.3285 0001709  86.3034 273.8292 13.15550016258816
ONEWEB-0235             
1 48771U 21045E   26277.87901319  .00000212  00000+0  52843-3 0  9990
2 48771  87.9020 237.3286 0001734  68.3381 291.7934 13.15550444258800
ONEWEB-0242             
1 48772U 21045F   26277.87268369  .00000151  00000+0  36619-3 0  9997
2 48772  87.9022 237.3283 0001989  74.1127 286.0222 13.15549192258844
ONEWEB-0241             
1 48773U 21045G   26277.86001177 -.00001130  00000+0 -30352-2 0  9996
2 48773  87.9018 237.3394 0001600  73.4828 286.6479 13.15539167258754
ONEWEB-0243             
1 48774U 21045H   26277.89171306  .00000166  00000+0  40767-3 0  9990
2 48774  87.9012 237.3439 0002070  64.4348 295.6996 13.15548781258787
ONEWEB-0222             
1 48775U 21045J   26277.87504014 -.00003110  00000+0 -82966-2 0  9995
2 48775  87.9019 237.3232 0001609  69.3987 290.7316 13.15561806258826
ONEWEB-0244             
1 48776U 21045K   26277.90120877  .00000059  00000+0  12311-3 0  9996
2 48776  87.9026 237.3191 0001881  75.8241 284.3098 13.15547543259397
ONEWEB-0247             
1 48777U 21045L   26277.89804972  .00000069  00000+0  14796-3 0  9990
2 48777  87.9012 237.3366 0001923  54.9569 305.1741 13.15548338258833
ONEWEB-0245             
1 48778U 21045M   26277.89328001  .00000141  00000+0  34081-3 0  9995
2 48778  87.9022 237.3269 0001548  80.2844 279.8461 13.15546517258808
ONEWEB-0229             
1 48779U 21045N   26277.96459580  .00000084  00000+0  19027-3 0  9990
2 48779  87.9021 237.3100 0001986  76.1873 283.9478 13.15547576258848
ONEWEB-0228             
1 48780U 21045P   26277.84590589 -.00000066  00000+0 -21007-3 0  9997
2 48780  87.9023 237.3321 0001907  77.5402 282.5942 13.15547664258741
ONEWEB-0232             
1 48781U 21045Q   26277.89646916  .00000088  00000+0  20072-3 0  9992
2 48781  87.9025 237.3208 0001889  80.2520 279.8824 13.15548719259076
ONEWEB-0231             
1 48782U 21045R   26277.95034323  .00000066  00000+0  14165-3 0  9995
2 48782  87.9018 237.3172 0001739  74.7046 285.4277 13.15547833258771
ONEWEB-0234             
1 48783U 21045S   26277.91217856 -.00000099  00000+0 -29641-3 0  9999
2 48783  87.9029 237.3134 0001726 104.1431 255.9891 13.15547207258908
ONEWEB-0238             
1 48784U 21045T   26277.91243397 -.00000095  00000+0 -28707-3 0  9997
2 48784  87.9027 237.3091 0001998  98.0391 262.0967 13.15547165258801
ONEWEB-0240             
1 48785U 21045U   26277.93368636 -.00000014  00000+0 -71348-4 0  9995
2 48785  87.9024 237.3128 0001656  76.7160 283.4155 13.15546965258834
ONEWEB-0246             
1 48786U 21045V   26277.92814918 -.00000103  00000+0 -30821-3 0  9993
2 48786  87.9021 237.3162 0001973  76.8734 283.2616 13.15548050258703
ONEWEB-0210             
1 48787U 21045W   26277.90279987  .00000071  00000+0  15376-3 0  9993
2 48787  87.9025 237.3190 0002207  56.6892 303.4450 13.15547997258745
ONEWEB-0214             
1 48788U 21045X   26277.91150887 -.00000081  00000+0 -24944-3 0  9996
2 48788  87.9024 237.3147 0002229  74.4166 285.7210 13.15547029258712
ONEWEB-0221             
1 48789U 21045Y   26277.91864026 -.00000039  00000+0 -13868-3 0  9990
2 48789  87.9022 237.3207 0001811  75.0409 285.0922 13.15548833258808
ONEWEB-0213             
1 48790U 21045Z   26277.90754012 -.00000020  00000+0 -87444-4 0  9996
2 48790  87.9024 237.3255 0001865  70.7321 289.4011 13.15548991258867
ONEWEB-0212             
1 48791U 21045AA  26277.96062203  .00000158  00000+0  38473-3 0  9994
2 48791  87.9020 237.3090 0002019  76.9587 283.1768 13.15546589258866
ONEWEB-0227             
1 48792U 21045AB  26277.88379045  .00000163  00000+0  39972-3 0  9992
2 48792  87.9020 237.3230 0001851  77.7466 282.3871 13.15548674258808
ONEWEB-0226             
1 48793U 21045AC  26277.87742929  .00000216  00000+0  53876-3 0  9995
2 48793  87.9021 237.3304 0001972  71.0443 289.0901 13.15547577258773
ONEWEB-0224             
1 48794U 21045AD  26277.84098873 -.00000052  00000+0 -17236-3 0  9995
2 48794  87.9013 237.3635 0001171  96.1998 263.9265 13.15549125258692
ONEWEB-0233             
1 48795U 21045AE  26277.92166916 -.00000098  00000+0 -29376-3 0  9997
2 48795  87.9011 237.3536 0001710  74.1703 285.9616 13.15548696258720
ONEWEB-0190             
1 48796U 21045AF  26277.90912295 -.00000097  00000+0 -29223-3 0  9995
2 48796  87.9021 237.3261 0001728  59.0611 301.0689 13.15549091258793
ONEWEB-0236             
1 48797U 21045AG  26277.92655526 -.00000049  00000+0 -16326-3 0  9996
2 48797  87.9019 237.3254 0001935  82.6815 277.4535 13.15549230258680
ONEWEB-0248             
1 48798U 21045AH  26277.86316744  .00000056  00000+0  11546-3 0  9991
2 48798  87.9020 237.3309 0001528  71.3351 288.7945 13.15549771258839
ONEWEB-0225             
1 48799U 21045AJ  26277.88536629  .00000168  00000+0  41111-3 0  9995
2 48799  87.9021 237.3315 0001703  63.3517 296.7788 13.15548114258843
ONEWEB-0215             
1 48800U 21045AK  26277.93129441 -.00000061  00000+0 -19597-3 0  9991
2 48800  87.9022 237.3097 0001559  60.6241 299.5045 13.15550305258726
ONEWEB-0216             
1 48801U 21045AL  26277.86477349  .00000072  00000+0  15724-3 0  9995
2 48801  87.9016 237.3340 0002027  79.0046 281.1312 13.15547701258729
ONEWEB-0239             
1 48802U 21045AM  26277.86951165  .00000124  00000+0  29479-3 0  9999
2 48802  87.9020 237.3370 0001218  63.6759 296.4496 13.15547060258763
ONEWEB-0249             
1 48967U 21060A   26277.86850720  .00000010  00000+0 -86475-5 0  9999
2 48967  87.9176 207.0113 0001776  73.0291 287.1034 13.16593611254047
ONEWEB-0250             
1 48968U 21060B   26277.81103287  .00000035  00000+0  48670-4 0  9994
2 48968  87.9188 204.4257 0001383 105.9651 254.1638 13.25839043254743
ONEWEB-0252             
1 48970U 21060D   26277.89935439  .00000059  00000+0  12030-3 0  9993
2 48970  87.9177 206.9978 0002155  80.1114 280.0260 13.16598107254097
ONEWEB-0253             
1 48971U 21060E   26277.81230817  .00000059  00000+0  12199-3 0  9990
2 48971  87.9178 207.0203 0001768  75.0988 285.0339 13.16594565254011
ONEWEB-0254             
1 48972U 21060F   26277.82179289  .00000027  00000+0  35991-4 0  9998
2 48972  87.9180 207.0172 0001591  69.5542 290.5760 13.16595241254019
ONEWEB-0255             
1 48973U 21060G   26277.85979724  .00000019  00000+0  16064-4 0  9995
2 48973  87.9179 207.0148 0001742  70.6349 289.4970 13.16594550254097
ONEWEB-0256             
1 48974U 21060H   26277.80992714  .00000068  00000+0  14457-3 0  9992
2 48974  87.9181 207.0254 0002010  72.8785 287.2566 13.16594725254053
ONEWEB-0257             
1 48975U 21060J   26277.84238746 -.00000002  00000+0 -38120-4 0  9999
2 48975  87.9176 207.0098 0001871  68.8795 291.2536 13.16594591254013
ONEWEB-0258             
1 48976U 21060K   26277.76796382 -.00000006  00000+0 -47992-4 0  9997
2 48976  87.9166 207.0330 0001855  74.2908 285.8427 13.16595357254010
ONEWEB-0259             
1 48977U 21060L   26277.83763300 -.00000051  00000+0 -16659-3 0  9995
2 48977  87.9182 207.0222 0001706  73.9482 286.1837 13.16594742254057
ONEWEB-0260             
1 48978U 21060M   26277.82891793 -.00000002  00000+0 -38622-4 0  9994
2 48978  87.9169 207.0204 0002238  70.1632 289.9740 13.16593284254032
ONEWEB-0261             
1 48979U 21060N   26277.87482533  .00000098  00000+0  22322-3 0  9990
2 48979  87.9165 207.0109 0001796  63.9089 296.2226 13.16592107254096
ONEWEB-0262             
1 48980U 21060P   26277.85503855 -.00000002  00000+0 -38247-4 0  9992
2 48980  87.9177 207.0060 0001602  74.1237 286.0071 13.16595021254051
ONEWEB-0263             
1 48981U 21060Q   26277.81071444  .00000059  00000+0  11982-3 0  9999
2 48981  87.9169 207.0238 0001673  64.0976 296.0327 13.16594615254015
ONEWEB-0264             
1 48982U 21060R   26277.84792741 -.00000021  00000+0 -89073-4 0  9991
2 48982  87.9163 207.0163 0001977  69.4296 290.7047 13.16594603254026
ONEWEB-0266             
1 48984U 21060T   26277.86929974  .00000051  00000+0  98731-4 0  9997
2 48984  87.9178 207.0093 0001841  75.9514 284.1821 13.16593639254015
ONEWEB-0267             
1 48985U 21060U   26277.80438004  .00000116  00000+0  27021-3 0  9996
2 48985  87.9180 207.0188 0001846  67.7659 292.3667 13.16594881254017
ONEWEB-0268             
1 48986U 21060V   26277.77271687 -.00000010  00000+0 -60759-4 0  9996
2 48986  87.9170 207.0329 0002035  74.5180 285.6176 13.16594685254270
ONEWEB-0269             
1 48987U 21060W   26277.82969962 -.00000002  00000+0 -38752-4 0  9992
2 48987  87.9177 207.0195 0002082  80.5089 279.6277 13.16596081254059
ONEWEB-0270             
1 48988U 21060X   26277.84713335 -.00000037  00000+0 -12916-3 0  9997
2 48988  87.9167 207.0162 0001567  68.2469 291.8828 13.16594008254094
ONEWEB-0271             
1 48989U 21060Y   26277.75847360 -.00000013  00000+0 -66816-4 0  9997
2 48989  87.9174 207.0269 0001771  67.1185 293.0133 13.16594523254085
ONEWEB-0272             
1 48990U 21060Z   26277.85662680 -.00000003  00000+0 -40953-4 0  9993
2 48990  87.9174 207.0153 0002150  69.8814 290.2548 13.16593765254041
ONEWEB-0273             
1 48991U 21060AA  26277.80280773  .00000094  00000+0  21114-3 0  9993
2 48991  87.9164 207.0253 0001764  70.4021 289.7300 13.16594592254015
ONEWEB-0274             
1 48992U 21060AB  26277.82811928 -.00000016  00000+0 -75121-4 0  9992
2 48992  87.9174 207.0194 0002149  69.1067 291.0294 13.16595769254053
ONEWEB-0275             
1 48993U 21060AC  26277.81702595  .00000026  00000+0  34452-4 0  9992
2 48993  87.9181 207.0204 0002721  68.8739 291.2683 13.16596785253986
ONEWEB-0276             
1 48994U 21060AD  26277.77430857 -.00000020  00000+0 -85784-4 0  9997
2 48994  87.9175 207.0275 0002030  71.0721 289.0630 13.16593343253993
ONEWEB-0277             
1 48995U 21060AE  26277.86293736 -.00000048  00000+0 -15976-3 0  9996
2 48995  87.9179 207.0135 0001761  69.6648 290.4672 13.16595582253993
ONEWEB-0278             
1 48996U 21060AF  26277.85346045 -.00000004  00000+0 -44351-4 0  9990
2 48996  87.9178 207.0108 0001836  80.0080 280.1259 13.16594171254129
ONEWEB-0279             
1 48997U 21060AG  26277.86139015  .00000076  00000+0  16655-3 0  9991
2 48997  87.9176 207.0079 0001888  66.2058 293.9271 13.16593460254051
ONEWEB-0280             
1 48998U 21060AH  26277.80042539  .00000093  00000+0  20954-3 0  9996
2 48998  87.9179 207.0236 0001554  76.9484 283.1820 13.16595008253983
ONEWEB-0281             
1 48999U 21060AJ  26277.80597025  .00000114  00000+0  26379-3 0  9993
2 48999  87.9182 207.0196 0002031  74.5809 285.5546 13.16594432254059
ONEWEB-0282             
1 49000U 21060AK  26277.83602849 -.00000048  00000+0 -15877-3 0  9990
2 49000  87.9178 207.0190 0001761  72.2035 287.9288 13.16596379254036
ONEWEB-0283             
1 49001U 21060AL  26277.82496428 -.00000038  00000+0 -13366-3 0  9994
2 49001  87.9179 207.0205 0001884  68.8391 291.2941 13.16594591254046
ONEWEB-0284             
1 49002U 21060AM  26277.81861988 -.00000011  00000+0 -62727-4 0  9998
2 49002  87.9180 207.0167 0001637  79.9871 280.1445 13.16595274254021
ONEWEB-0285             
1 49075U 21075A   26277.91803200  .00000200  00000+0  52036-3 0  9997
2 49075  87.8952 328.8786 0002068 100.1989 259.9373 13.12441941249601
ONEWEB-0286             
1 49076U 21075B   26277.90012109  .00000418  00000+0  11265-2 0  9996
2 49076  87.8948 328.8898 0002080  99.1338 261.0026 13.12442264248955
ONEWEB-0287             
1 49077U 21075C   26277.89442551  .00000003  00000+0 -25836-4 0  9995
2 49077  87.9184 344.0844 0002251 105.2775 254.8606 13.17650578248075
ONEWEB-0288             
1 49078U 21075D   26277.87652458 -.00000262  00000+0 -76391-3 0  9992
2 49078  87.8955 328.8808 0001966 104.2696 255.8651 13.12443131249571
ONEWEB-0289             
1 49079U 21075E   26277.93322890 -.00000022  00000+0 -89947-4 0  9990
2 49079  87.9174 344.0919 0001566 107.6749 252.4554 13.17647175248653
ONEWEB-0290             
1 49080U 21075F   26277.90623233 -.00000079  00000+0 -23593-3 0  9990
2 49080  87.9187 344.0796 0001471 109.0516 251.0775 13.17646998248062
ONEWEB-0291             
1 49081U 21075G   26277.89098621  .00000024  00000+0  28669-4 0  9994
2 49081  87.9185 344.0826 0001934 110.0622 250.0718 13.17650532248053
ONEWEB-0293             
1 49082U 21075H   26277.91635584 -.00000066  00000+0 -20331-3 0  9998
2 49082  87.9182 344.0799 0001806 103.9405 256.1927 13.17647109248086
ONEWEB-0294             
1 49083U 21075J   26277.88329442 -.00000103  00000+0 -32110-3 0  9998
2 49083  87.8958 328.8845 0001582 104.0698 256.0606 13.12445255248969
ONEWEB-0295             
1 49084U 21075K   26277.91551334 -.00000071  00000+0 -21603-3 0  9999
2 49084  87.9183 344.0846 0002082 107.5527 252.5832 13.17647182248046
ONEWEB-0296             
1 49085U 21075L   26277.93920287 -.00000362  00000+0 -10420-2 0  9996
2 49085  87.8951 328.8772 0001988 107.5303 252.6043 13.12443361248978
ONEWEB-0297             
1 49086U 21075M   26277.89346416  .00000235  00000+0  61742-3 0  9999
2 49086  87.8947 328.8894 0001942 100.3104 259.8244 13.12444293249573
ONEWEB-0298             
1 49087U 21075N   26277.91987361 -.00000138  00000+0 -38926-3 0  9995
2 49087  87.9182 344.0816 0002005  98.4313 261.7046 13.17649088248070
ONEWEB-0299             
1 49088U 21075P   26277.92140819 -.00000017  00000+0 -78225-4 0  9999
2 49088  87.9192 344.0713 0002047 102.3708 257.7653 13.17650287248057
ONEWEB-0300             
1 49089U 21075Q   26277.88583927  .00000005  00000+0 -22031-4 0  9996
2 49089  87.8959 328.8826 0002180  91.6921 268.4457 13.12444802249598
ONEWEB-0301             
1 49090U 21075R   26277.94600410 -.00000373  00000+0 -10717-2 0  9997
2 49090  87.8957 328.8665 0002051  89.5277 270.6087 13.12443034248966
ONEWEB-0302             
1 49091U 21075S   26277.85619244 -.00000278  00000+0 -80918-3 0  9998
2 49091  87.8950 328.8921 0001685 107.1382 252.9932 13.12442600248938
ONEWEB-0304             
1 49092U 21075T   26277.89610360 -.00000057  00000+0 -18044-3 0  9999
2 49092  87.9184 344.0884 0002009 103.5641 256.5715 13.17650520248022
ONEWEB-0305             
1 49093U 21075U   26277.88936064 -.00000039  00000+0 -13380-3 0  9999
2 49093  87.9186 344.0824 0002223 106.6552 253.4824 13.17647931248054
ONEWEB-0308             
1 49094U 21075V   26277.84941176 -.00000041  00000+0 -15058-3 0  9993
2 49094  87.8958 328.8923 0001856  97.3467 262.7873 13.12442671248947
ONEWEB-0309             
1 49095U 21075W   26277.89273896 -.00000011  00000+0 -61325-4 0  9992
2 49095  87.9184 344.0819 0001597 111.8978 248.2324 13.17649379248023
ONEWEB-0310             
1 49096U 21075X   26277.86466412 -.00000453  00000+0 -12958-2 0  9994
2 49096  87.8950 328.9006 0001858  96.9564 263.1776 13.12443096249578
ONEWEB-0311             
1 49097U 21075Y   26277.89947726 -.00000026  00000+0 -10084-3 0  9995
2 49097  87.9185 344.0811 0002345 103.7436 256.3957 13.17650411248075
ONEWEB-0312             
1 49098U 21075Z   26277.91468094 -.00000071  00000+0 -21641-3 0  9996
2 49098  87.9178 344.0882 0002015 107.7292 252.4060 13.17647573248059
ONEWEB-0313             
1 49099U 21075AA  26277.91958972 -.00000078  00000+0 -23346-3 0  9997
2 49099  87.9182 344.0906 0002001 101.9838 258.1518 13.17650079248044
ONEWEB-0314             
1 49100U 21075AB  26277.96191260 -.00000128  00000+0 -36370-3 0  9991
2 49100  87.9196 344.0680 0002040 110.0808 250.0544 13.17649296248029
ONEWEB-0315             
1 49101U 21075AC  26277.83756080  .00000282  00000+0  74800-3 0  9994
2 49101  87.8958 328.8791 0002245  98.5801 261.5582 13.12442754249551
ONEWEB-0316             
1 49102U 21075AD  26277.80050740 -.00000022  00000+0 -88203-4 0  9999
2 49102  87.9132 313.6710 0001822  98.7143 261.4196 13.18686002251657
ONEWEB-0317             
1 49103U 21075AE  26277.91714366  .00000220  00000+0  57667-3 0  9990
2 49103  87.8950 328.8815 0001267 100.1998 259.9273 13.12444795249580
ONEWEB-0318             
1 49104U 21075AF  26277.87370617  .00000034  00000+0  52956-4 0  9993
2 49104  87.9133 313.6601 0002065  96.4705 263.6662 13.18690916251626
ONEWEB-0319             
1 49105U 21075AG  26277.90116835 -.00000019  00000+0 -82152-4 0  9994
2 49105  87.9182 344.0851 0002384  98.1067 262.0335 13.17647480248050
ONEWEB-0323             
1 49106U 21075AH  26277.89855138  .00000375  00000+0  10080-2 0  9991
2 49106  87.8958 328.8729 0002405 102.2649 257.8749 13.12443975248949
ONEWEB-0329             
1 49107U 21075AJ  26277.90959719 -.00000176  00000+0 -48728-3 0  9996
2 49107  87.9183 344.0849 0001996 104.0543 256.0811 13.17647454248035
ONEWEB-0330             
1 49108U 21075AK  26277.91312874 -.00000037  00000+0 -12869-3 0  9996
2 49108  87.9188 344.0986 0001894 104.6842 255.4500 13.17648359248075
ONEWEB-0292             
1 49186U 21083A   26277.86130767 -.00000282  00000+0 -80661-3 0  9991
2 49186  87.8892 298.4046 0002021  93.2336 266.9025 13.13470099245329
ONEWEB-0303             
1 49187U 21083B   26277.86950182 -.00000003  00000+0 -41589-4 0  9991
2 49187  87.9132 313.6589 0002056  96.0649 264.0718 13.18685369244438
ONEWEB-0306             
1 49188U 21083C   26277.85938693  .00000000  00000+0 -32752-4 0  9992
2 49188  87.9138 313.6529 0001651  96.8584 263.2736 13.18684524244472
ONEWEB-0307             
1 49189U 21083D   26277.85536539 -.00000247  00000+0 -71150-3 0  9994
2 49189  87.8894 298.4046 0001983  95.2743 264.8612 13.13469089245320
ONEWEB-0320             
1 49190U 21083E   26277.80371430  .00000043  00000+0  77333-4 0  9990
2 49190  87.9125 313.6704 0001829  95.1865 264.9476 13.18688648244422
ONEWEB-0321             
1 49191U 21083F   26277.97262467  .00000026  00000+0  31653-4 0  9994
2 49191  87.9160 252.5300 0001847  78.6497 281.4844 13.20769824251321
ONEWEB-0322             
1 49192U 21083G   26277.85113589 -.00000216  00000+0 -62605-3 0  9995
2 49192  87.8888 298.4044 0001616  81.1889 278.9423 13.13469889245316
ONEWEB-0324             
1 49193U 21083H   26277.85262767 -.00000044  00000+0 -14405-3 0  9993
2 49193  87.9137 313.6602 0001828 100.5179 259.6159 13.18687021244459
ONEWEB-0325             
1 49194U 21083J   26277.85601121  .00000041  00000+0  71480-4 0  9997
2 49194  87.9132 313.6582 0001966  92.5264 267.6093 13.18684042244467
ONEWEB-0326             
1 49195U 21083K   26277.87131977  .00000027  00000+0  35772-4 0  9995
2 49195  87.9133 313.6589 0002162  94.5523 265.5856 13.18686841244457
ONEWEB-0327             
1 49196U 21083L   26277.79518029  .00000035  00000+0  56117-4 0  9999
2 49196  87.9125 313.6712 0002265  90.4037 269.7355 13.18686891244462
ONEWEB-0328             
1 49197U 21083M   26277.76481032 -.00000025  00000+0 -10275-3 0  9995
2 49197  87.8898 298.4055 0001796  96.9805 263.1528 13.13468952245283
ONEWEB-0331             
1 49198U 21083N   26277.86444437 -.00000014  00000+0 -67078-4 0  9997
2 49198  87.9136 313.6564 0002232  97.5460 262.5926 13.18686649244469
ONEWEB-0333             
1 49199U 21083P   26277.98825514  .00000086  00000+0  20007-3 0  9997
2 49199  87.8891 298.3773 0001916  91.9534 268.1815 13.13470043245325
ONEWEB-0334             
1 49200U 21083Q   26277.91116668  .00000031  00000+0  43914-4 0  9999
2 49200  87.9161 252.5531 0001524  63.4079 296.7210 13.20773282251272
ONEWEB-0335             
1 49201U 21083R   26277.75465796  .00000250  00000+0  65073-3 0  9993
2 49201  87.8886 298.4208 0002018  94.5916 265.5444 13.13469293245306
ONEWEB-0336             
1 49202U 21083S   26277.95441939 -.00000005  00000+0 -48601-4 0  9998
2 49202  87.8900 298.3764 0002142  97.7537 262.3835 13.13469402245325
ONEWEB-0337             
1 49203U 21083T   26277.96443036  .00000230  00000+0  59421-3 0  9999
2 49203  87.8892 298.3798 0001871  99.1110 261.0231 13.13471083245328
ONEWEB-0338             
1 49204U 21083U   26277.88843905  .00000420  00000+0  10005-2 0  9995
2 49204  87.9161 252.5589 0001761  77.3297 282.8033 13.20776235251290
ONEWEB-0339             
1 49205U 21083V   26277.97303076  .00000295  00000+0  77346-3 0  9998
2 49205  87.8889 298.3714 0001761  88.1725 271.9606 13.13469186245307
ONEWEB-0340             
1 49206U 21083W   26277.85095218  .00000011  00000+0 -39449-5 0  9993
2 49206  87.9129 313.6621 0002019  97.5828 262.5534 13.18684075244428
ONEWEB-0341             
1 49207U 21083X   26277.85768393  .00000022  00000+0  22222-4 0  9996
2 49207  87.9130 313.6600 0001872 110.3925 249.7408 13.18684042244449
ONEWEB-0342             
1 49208U 21083Y   26277.97093569  .00000107  00000+0  23026-3 0  9992
2 49208  87.9162 252.5325 0001898  82.9254 277.2095 13.20772123251275
ONEWEB-0343             
1 49209U 21083Z   26277.86610262 -.00000164  00000+0 -44759-3 0  9997
2 49209  87.9129 313.6573 0001513  93.2445 266.8860 13.18687022244494
ONEWEB-0344             
1 49210U 21083AA  26277.96795669  .00000240  00000+0  62206-3 0  9995
2 49210  87.8888 298.3843 0001836 106.0119 254.1212 13.13468654245300
ONEWEB-0345             
1 49211U 21083AB  26277.95949049  .00000135  00000+0  33382-3 0  9994
2 49211  87.8891 298.3761 0001763 102.9168 257.2158 13.13469883245311
ONEWEB-0346             
1 49212U 21083AC  26277.86275401 -.00000052  00000+0 -16373-3 0  9990
2 49212  87.9137 313.6583 0002524  97.9861 262.1557 13.18684218244434
ONEWEB-0348             
1 49213U 21083AD  26277.96084628  .00000058  00000+0  11048-3 0  9999
2 49213  87.9163 252.5399 0002257  94.8547 265.2844 13.20772101251309
ONEWEB-0350             
1 49214U 21083AE  26277.97825004  .00000285  00000+0  74500-3 0  9996
2 49214  87.8889 298.3744 0002149  63.5600 296.5750 13.13470610245341
ONEWEB-0351             
1 49215U 21083AF  26277.95396744  .00000065  00000+0  12813-3 0  9994
2 49215  87.9162 252.5407 0001336  86.3117 273.8169 13.20771382251266
ONEWEB-0352             
1 49216U 21083AG  26277.87315204 -.00000063  00000+0 -20635-3 0  9999
2 49216  87.8892 298.3986 0001439  91.8409 268.2885 13.13470091245424
ONEWEB-0354             
1 49217U 21083AH  26277.98105654  .00000020  00000+0  17300-4 0  9995
2 49217  87.9160 252.5329 0002122  96.9008 263.2367 13.20771476251301
ONEWEB-0355             
1 49218U 21083AJ  26277.97893943  .00000307  00000+0  80496-3 0  9993
2 49218  87.8894 298.3787 0001666  96.4503 263.6816 13.13470735245311
ONEWEB-0357             
1 49219U 21083AK  26277.97762676  .00002274  00000+0  55561-2 0  9991
2 49219  87.9160 252.5278 0001926  87.2391 272.8963 13.20797947251304
ONEWEB-0332             
1 49279U 21090A   26277.97219491  .00000157  00000+0  38112-3 0  9999
2 49279  87.8904 267.8009 0001799  81.5237 278.6097 13.15786657242009
ONEWEB-0347             
1 49280U 21090B   26277.96758362  .00000039  00000+0  64044-4 0  9998
2 49280  87.9162 252.5375 0001915  77.0321 283.1026 13.20772951245531
ONEWEB-0349             
1 49281U 21090C   26277.92381975  .00000044  00000+0  75692-4 0  9994
2 49281  87.9161 252.5463 0001987  84.1911 275.9448 13.20772734244313
ONEWEB-0353             
1 49282U 21090D   26277.97353875  .00000208  00000+0  52658-3 0  9996
2 49282  87.8903 267.8024 0001878  80.4123 279.7219 13.14505173242008
ONEWEB-0356             
1 49283U 21090E   26277.92213795  .00000025  00000+0  29474-4 0  9996
2 49283  87.9165 252.5411 0002530  80.3602 279.7817 13.20771509244313
ONEWEB-0358             
1 49284U 21090F   26277.95832041  .00000079  00000+0  16196-3 0  9996
2 49284  87.9162 252.5416 0002085  85.8107 274.3264 13.20771068245049
ONEWEB-0359             
1 49285U 21090G   26277.94906461  .00000060  00000+0  11590-3 0  9997
2 49285  87.9162 252.5352 0002126  87.7820 272.3556 13.20770944245020
ONEWEB-0360             
1 49286U 21090H   26277.93894969  .00000070  00000+0  13954-3 0  9993
2 49286  87.9162 252.5430 0001885  86.0757 274.0592 13.20773131244333
ONEWEB-0361             
1 49287U 21090J   26277.92043366  .00000031  00000+0  44410-4 0  9999
2 49287  87.9164 252.5461 0002045  86.6429 273.4938 13.20770036244788
ONEWEB-0362             
1 49288U 21090K   26277.95993706  .00000002  00000+0 -27598-4 0  9992
2 49288  87.9092 283.0955 0001665  93.9975 266.1348 13.19726072241397
ONEWEB-0363             
1 49289U 21090L   26277.93559820 -.00000007  00000+0 -48788-4 0  9996
2 49289  87.9161 252.5423 0002289  82.4054 277.7340 13.20772079244797
ONEWEB-0364             
1 49290U 21090M   26277.97430873  .00000018  00000+0  11409-4 0  9998
2 49290  87.9160 252.5421 0001950  83.4949 276.6407 13.20769900245932
ONEWEB-0365             
1 49291U 21090N   26277.96941552  .00000172  00000+0  39695-3 0  9996
2 49291  87.9099 283.0880 0001881  90.4341 269.7008 13.19724238240904
ONEWEB-0366             
1 49292U 21090P   26277.97016712  .00000269  00000+0  69021-3 0  9992
2 49292  87.8902 267.8042 0001915  88.7358 271.3991 13.14504696241981
ONEWEB-0367             
1 49293U 21090Q   26277.93474402  .00000050  00000+0  92006-4 0  9991
2 49293  87.9162 252.5451 0001831  82.3192 277.8149 13.20769950244318
ONEWEB-0368             
1 49294U 21090R   26277.90865529  .00000068  00000+0  13536-3 0  9992
2 49294  87.9162 252.5542 0002328  66.5892 293.5486 13.20772826245465
ONEWEB-0369             
1 49295U 21090S   26277.96467943 -.00000062  00000+0 -18743-3 0  9998
2 49295  87.9093 283.0908 0002238  82.3769 277.7618 13.19725904240899
ONEWEB-0370             
1 49296U 21090T   26277.94401205  .00000060  00000+0  11563-3 0  9995
2 49296  87.9160 252.5411 0001832  91.7952 268.3391 13.20772734244356
ONEWEB-0371             
1 49297U 21090U   26277.97257922 -.00000060  00000+0 -18345-3 0  9991
2 49297  87.9096 283.0866 0002093  85.4169 274.7203 13.19725732240935
ONEWEB-0372             
1 49298U 21090V   26277.93377107  .00000029  00000+0  38468-4 0  9998
2 49298  87.9161 252.5458 0001964  82.7926 277.3430 13.20771431244321
ONEWEB-0373             
1 49299U 21090W   26277.95915794  .00000079  00000+0  16250-3 0  9990
2 49299  87.9160 252.5400 0002018  85.6585 274.4779 13.20769852245512
ONEWEB-0374             
1 49300U 21090X   26277.95664059  .00000249  00000+0  63664-3 0  9998
2 49300  87.8911 267.8028 0002476  88.3376 271.8037 13.14503709241984
ONEWEB-0375             
1 49301U 21090Y   26277.94738135  .00000036  00000+0  57555-4 0  9992
2 49301  87.9160 252.5344 0002546  87.1784 272.9641 13.20773165245015
ONEWEB-0376             
1 49302U 21090Z   26277.97100169  .00000122  00000+0  27304-3 0  9990
2 49302  87.9099 283.0865 0001791  85.2509 274.8828 13.19724742240938
ONEWEB-0377             
1 49303U 21090AA  26277.93403830 -.00000040  00000+0 -12973-3 0  9995
2 49303  87.9163 252.5396 0002274  83.7637 276.3756 13.20772356245009
ONEWEB-0378             
1 49304U 21090AB  26277.95423974  .00000135  00000+0  30019-3 0  9993
2 49304  87.9161 252.5383 0002100  81.9889 278.1482 13.20772964244270
ONEWEB-0379             
1 49305U 21090AC  26277.95157454  .00000125  00000+0  30309-3 0  9992
2 49305  87.8899 267.8092 0002024  84.0910 276.0451 13.14503016241989
ONEWEB-0380             
1 49306U 21090AD  26277.96784048  .00000144  00000+0  32738-3 0  9998
2 49306  87.9098 283.0875 0002010  95.0724 265.0639 13.19723926240907
ONEWEB-0381             
1 49307U 21090AE  26277.93053248 -.00000104  00000+0 -28663-3 0  9997
2 49307  87.9161 252.5452 0002224  85.4745 274.6642 13.20771975244312
ONEWEB-0382             
1 49308U 21090AF  26277.91705159 -.00000139  00000+0 -37497-3 0  9994
2 49308  87.9160 252.5421 0002274  82.2391 277.9000 13.20772686244308
ONEWEB-0383             
1 49309U 21090AG  26277.94478801  .00000018  00000+0  15108-4 0  9999
2 49309  87.8904 267.8043 0002044  84.9216 275.2147 13.14503189242015
ONEWEB-0384             
1 49310U 21090AH  26277.97777412 -.00000001  00000+0 -34659-4 0  9990
2 49310  87.9161 252.5722 0002498  78.5676 281.5738 13.20818473244324
ONEWEB-0385             
1 49311U 21090AJ  26277.91033729  .00000045  00000+0  78205-4 0  9992
2 49311  87.9164 252.5479 0002158  83.9255 276.2124 13.20771296244289
ONEWEB-0386             
1 49312U 21090AK  26277.92715919 -.00000027  00000+0 -98165-4 0  9991
2 49312  87.9163 252.5390 0002146  80.0152 280.1223 13.20772742244306
ONEWEB-0387             
1 49313U 21090AL  26277.91200667 -.00000131  00000+0 -35345-3 0  9996
2 49313  87.9165 252.5566 0002221  89.8437 270.2951 13.20771961244301
ONEWEB-0388             
1 49314U 21090AM  26277.96310607  .00000105  00000+0  22985-3 0  9993
2 49314  87.9103 283.0870 0002028  88.4043 271.7322 13.19724289240891
ONEWEB-0389             
1 50469U 21132A   26277.92647262 -.00000185  00000+0 -50880-3 0  9994
2 50469  87.9181 344.0812 0002120  95.1367 265.0006 13.17649826232539
ONEWEB-0390             
1 50470U 21132B   26277.92818635  .00000023  00000+0  25099-4 0  9994
2 50470  87.9179 344.0816 0001695 109.0923 251.0392 13.17648177232532
ONEWEB-0391             
1 50471U 21132C   26277.92986016  .00000008  00000+0 -11592-4 0  9991
2 50471  87.9177 344.0901 0002582 112.9695 247.1709 13.17647959232536
ONEWEB-0392             
1 50472U 21132D   26277.88429928  .00000016  00000+0  85948-5 0  9996
2 50472  87.9191 344.0768 0002292 103.6422 256.4965 13.17648109232565
ONEWEB-0393             
1 50473U 21132E   26277.93576986  .00000017  00000+0  11110-4 0  9990
2 50473  87.9182 344.0747 0002033 101.4569 258.6791 13.17648712232565
ONEWEB-0394             
1 50474U 21132F   26277.81554915 -.00000018  00000+0 -78091-4 0  9990
2 50474  87.9136 313.6578 0002013  92.4465 267.6897 13.18686329236042
ONEWEB-0395             
1 50475U 21132G   26277.72933344 -.00000429  00000+0 -12457-2 0  9996
2 50475  87.8968 359.2982 0001759 106.9653 253.1668 13.11419384230077
ONEWEB-0396             
1 50476U 21132H   26277.88466403 -.00000136  00000+0 -37801-3 0  9997
2 50476  87.9132 313.6552 0002115  94.2489 265.8885 13.18686726236094
ONEWEB-0397             
1 50477U 21132J   26277.89985882  .00000056  00000+0  10827-3 0  9994
2 50477  87.9134 313.6528 0002108  90.9951 269.1423 13.18686677236077
ONEWEB-0398             
1 50478U 21132K   26277.77329702  .00000197  00000+0  51913-3 0  9992
2 50478  87.8969 359.2879 0001705 111.1496 248.9815 13.11415525229976
ONEWEB-0399             
1 50479U 21132L   26277.75971707  .00000489  00000+0  13433-2 0  9997
2 50479  87.8965 359.2960 0002313 101.0485 259.0903 13.11418164229968
ONEWEB-0400             
1 50480U 21132M   26277.80205514  .00000044  00000+0  79307-4 0  9992
2 50480  87.9138 313.6640 0001835  99.8171 260.3168 13.18687634236059
ONEWEB-0401             
1 50481U 21132N   26277.84758966  .00000021  00000+0  21218-4 0  9994
2 50481  87.9138 313.6532 0001913  88.3623 271.7729 13.18685471236069
ONEWEB-0402             
1 50482U 21132P   26277.81047920 -.00000026  00000+0 -99035-4 0  9992
2 50482  87.9141 313.6482 0002036  82.0975 278.0388 13.18685121236081
ONEWEB-0403             
1 50483U 21132Q   26277.83578317  .00000029  00000+0  42044-4 0  9993
2 50483  87.9133 313.6660 0002034  97.0838 263.0526 13.18684460236042
ONEWEB-0404             
1 50484U 21132R   26277.66477954  .00000066  00000+0  15056-3 0  9993
2 50484  87.8972 359.3145 0002103 106.7761 253.3598 13.11419247230045
ONEWEB-0405             
1 50485U 21132S   26277.84926603  .00000059  00000+0  11633-3 0  9993
2 50485  87.9137 313.6526 0001624 108.1616 251.9693 13.18686599236441
ONEWEB-0406             
1 50486U 21132T   26277.84082628  .00000011  00000+0 -44508-5 0  9992
2 50486  87.9130 313.6640 0002368 101.4082 258.7316 13.18687439236071
ONEWEB-0407             
1 50487U 21132U   26277.90994655 -.00000110  00000+0 -31169-3 0  9990
2 50487  87.9138 313.6467 0001727  91.7336 268.3994 13.18686175236028
ONEWEB-0409             
1 50488U 21132V   26277.66308079  .00000011  00000+0 -35438-5 0  9997
2 50488  87.8972 359.3065 0002005 108.3584 251.7762 13.11419523229930
ONEWEB-0412             
1 50489U 21132W   26277.89814998 -.00001039  00000+0 -26678-2 0  9990
2 50489  87.9130 313.6521 0002026  84.7031 275.4332 13.18690378236115
ONEWEB-0413             
1 50490U 21132X   26277.82734751  .00000063  00000+0  12634-3 0  9995
2 50490  87.9136 313.6659 0001823  86.0798 274.0542 13.18684869236042
ONEWEB-0414             
1 50491U 21132Y   26277.81217056 -.00000028  00000+0 -10445-3 0  9990
2 50491  87.9136 313.6544 0002041  91.3066 268.8300 13.18686879236075
ONEWEB-0417             
1 50492U 21132Z   26277.89647434  .00000084  00000+0  17929-3 0  9990
2 50492  87.9138 313.6518 0002102  99.2742 260.8628 13.18683943236068
ONEWEB-0418             
1 50493U 21132AA  26277.83058693  .00000019  00000+0  15008-4 0  9993
2 50493  87.9127 313.6658 0002069 105.3818 254.7543 13.18687684236117
ONEWEB-0419             
1 50494U 21132AB  26277.79617373  .00001265  00000+0  31748-2 0  9996
2 50494  87.9154 313.6876 0001993 104.5506 255.5847 13.18686612236026
ONEWEB-0420             
1 50495U 21132AC  26277.58621632  .00000099  00000+0  21833-3 0  9996
2 50495  87.9127 313.7123 0001731  92.1202 268.0128 13.18687936235994
ONEWEB-0421             
1 50496U 21132AD  26277.80710274 -.00000105  00000+0 -29883-3 0  9996
2 50496  87.9141 313.6703 0002198  87.9398 272.1985 13.18686943236063
ONEWEB-0424             
1 50497U 21132AE  26277.84420190  .00000016  00000+0  85993-5 0  9991
2 50497  87.9132 313.6633 0001790 110.9909 249.1415 13.18683943236090
ONEWEB-0426             
1 50498U 21132AF  26277.79698801 -.00000024  00000+0 -92615-4 0  9991
2 50498  87.9137 313.6635 0002618  96.4027 263.7404 13.18685374236031
ONEWEB-0427             
1 50499U 21132AG  26277.91840404  .00000041  00000+0  72383-4 0  9991
2 50499  87.9137 313.6317 0002085  98.1742 261.9627 13.18686335236079
ONEWEB-0429             
1 50500U 21132AH  26277.82903198 -.00000010  00000+0 -59109-4 0  9993
2 50500  87.9127 313.6654 0001806  92.2339 267.9000 13.18684111236039
ONEWEB-0430             
1 50501U 21132AJ  26277.89308786  .00000059  00000+0  11652-3 0  9994
2 50501  87.9129 313.6513 0001669  93.1367 266.9956 13.18684294236080
ONEWEB-0432             
1 50502U 21132AK  26277.80022585  .00000029  00000+0  40136-4 0  9993
2 50502  87.9136 313.6621 0001555 105.6820 254.4483 13.18687640236025
ONEWEB-0440             
1 50503U 21132AL  26277.83746236  .00000024  00000+0  28033-4 0  9990
2 50503  87.9132 313.6643 0001912  85.8806 274.2545 13.18684395236029
ONEWEB-0450             
1 50504U 21132AM  26277.90672149 -.00000083  00000+0 -24218-3 0  9997
2 50504  87.9139 313.6488 0001732  92.7632 267.3699 13.18686625236063
ONEWEB-0410             
1 51622U 22012A   26277.94505397  .00000019  00000+0  15927-4 0  9996
2 51622  87.9181 344.0724 0003189 106.9189 253.2293 13.17647133228151
ONEWEB-0411             
1 51623U 22012B   26277.81541620  .00000196  00000+0  52637-3 0  9996
2 51623  87.8911  14.4580 0001309 110.2307 249.8961 13.10369646223647
ONEWEB-0415             
1 51624U 22012C   26277.81202965  .00000360  00000+0  99623-3 0  9992
2 51624  87.8920  14.4560 0001721 115.3577 244.7729 13.10370456223646
ONEWEB-0416             
1 51625U 22012D   26277.82390934 -.00000228  00000+0 -68842-3 0  9992
2 51625  87.8907  14.4640 0001689 115.8972 244.2330 13.10370210223683
ONEWEB-0422             
1 51626U 22012E   26277.87924130  .00000014  00000+0  37044-5 0  9992
2 51626  87.9190 344.0833 0001558  82.7254 277.4054 13.17648823228259
ONEWEB-0423             
1 51627U 22012F   26277.94842729 -.00000022  00000+0 -89467-4 0  9990
2 51627  87.9182 344.0731 0002009  99.9940 260.1418 13.17649162228151
ONEWEB-0425             
1 51628U 22012G   26277.75770705 -.00000632  00000+0 -18472-2 0  9997
2 51628  87.8919  14.4654 0002151 108.3771 251.7590 13.10370842223674
ONEWEB-0428             
1 51629U 22012H   26277.81372359  .00000288  00000+0  78861-3 0  9992
2 51629  87.8911  14.4567 0001751 102.6788 257.4536 13.10371724223640
ONEWEB-0431             
1 51630U 22012J   26277.78304126  .00000076  00000+0  18183-3 0  9993
2 51630  87.8925  14.4609 0001219 110.7225 249.4033 13.10375573223693
ONEWEB-0434             
1 51631U 22012K   26277.76125477 -.00000643  00000+0 -18792-2 0  9999
2 51631  87.8917  14.4909 0002436 106.6011 253.5384 13.10372951223677
ONEWEB-0435             
1 51632U 22012L   26277.76788465 -.00000597  00000+0 -17465-2 0  9996
2 51632  87.8914  14.4700 0001474  94.8669 265.2627 13.10373855223665
ONEWEB-0436             
1 51633U 22012M   26277.93997364 -.00000101  00000+0 -29278-3 0  9993
2 51633  87.9192 344.0649 0001830  92.4048 267.7293 13.17649451228138
ONEWEB-0438             
1 51634U 22012N   26277.82898869 -.00000469  00000+0 -13813-2 0  9996
2 51634  87.8907  14.4613 0001926 105.9507 254.1833 13.10372428223705
ONEWEB-0439             
1 51635U 22012P   26277.75601612 -.00000627  00000+0 -18322-2 0  9993
2 51635  87.8920  14.4672 0001905 101.0910 259.0432 13.10370272223678
ONEWEB-0442             
1 51636U 22012Q   26277.93238560  .00000034  00000+0  53542-4 0  9997
2 51636  87.9183 344.0899 0002430 105.4865 254.6535 13.17647297228126
ONEWEB-0443             
1 51637U 22012R   26277.95179766  .00000072  00000+0  15210-3 0  9993
2 51637  87.9180 344.0857 0002065  91.7862 268.3506 13.17648298228173
ONEWEB-0444             
1 51638U 22012S   26277.82219149 -.00000162  00000+0 -49938-3 0  9996
2 51638  87.8919  14.4532 0001817  97.5051 262.6282 13.10368698223695
ONEWEB-0445             
1 51639U 22012T   26277.76619850 -.00000624  00000+0 -18226-2 0  9991
2 51639  87.8918  14.4570 0001735 107.0874 253.0444 13.10374486223692
ONEWEB-0446             
1 51640U 22012U   26277.82050563 -.00000048  00000+0 -17297-3 0  9998
2 51640  87.8907  14.4656 0001783 114.1687 245.9627 13.10370026223689
ONEWEB-0448             
1 51641U 22012V   26277.82560198 -.00000347  00000+0 -10308-2 0  9996
2 51641  87.8911  14.4601 0001798 103.4973 256.6355 13.10370570223658
ONEWEB-0449             
1 51642U 22012W   26277.75431896 -.00000550  00000+0 -16130-2 0  9996
2 51642  87.8918  14.4671 0002214 109.8561 250.2805 13.10370580223651
ONEWEB-0451             
1 51643U 22012X   26277.93660396  .00000060  00000+0  12248-3 0  9997
2 51643  87.9193 344.0645 0002098 100.1454 259.9914 13.17649544228115
ONEWEB-0452             
1 51644U 22012Y   26277.93493868  .00000026  00000+0  34923-4 0  9993
2 51644  87.9177 344.0885 0002242  95.5196 264.6191 13.17648488228122
ONEWEB-0456             
1 51646U 22012AA  26277.83915223 -.00000649  00000+0 -18964-2 0  9996
2 51646  87.8922  14.4437 0001682  98.3832 261.7486 13.10372207223707
ONEWEB-0457             
1 51647U 22012AB  26277.81698767  .00000114  00000+0  29035-3 0  9993
2 51647  87.8916  14.4577 0001742 117.8704 242.2600 13.10374842223707
ONEWEB-0458             
1 51648U 22012AC  26277.82477257  .00000037  00000+0  71160-4 0  9995
2 51648  87.8913  14.4389 0001958  97.8822 262.2527 13.10368898223662
ONEWEB-0461             
1 51649U 22012AD  26277.95684968  .00000047  00000+0  87972-4 0  9998
2 51649  87.9185 344.0688 0001904 103.7813 256.3530 13.17647336228349
ONEWEB-0463             
1 51650U 22012AE  26277.93830291  .00000123  00000+0  28417-3 0  9993
2 51650  87.9177 344.0878 0001725 106.4543 253.6778 13.17647978228126
ONEWEB-0464             
1 51651U 22012AF  26277.75941489 -.00000703  00000+0 -20508-2 0  9994
2 51651  87.8910  14.4744 0001808  92.7404 267.3931 13.10372456223673
ONEWEB-0468             
1 51652U 22012AG  26277.76451140 -.00001544  00000+0 -44614-2 0  9994
2 51652  87.8908  14.4672 0001688  96.1472 263.9848 13.10363973223651
ONEWEB-0473             
1 51653U 22012AH  26277.75098050  .00000972  00000+0  27470-2 0  9994
2 51653  87.8904  14.4702 0001701 101.3945 258.7373 13.10384661223654
ONEWEB-0474             
1 51654U 22012AJ  26277.81881049  .00000051  00000+0  11059-3 0  9995
2 51654  87.8918  14.4527 0001750  97.5061 262.6265 13.10369038223659
ONEWEB-0475             
1 51655U 22012AK  26277.95011822 -.00000031  00000+0 -11336-3 0  9993
2 51655  87.9184 344.0816 0002012  81.6365 278.4994 13.17649391228145
ONEWEB-0490             
1 54113U 22138A   26277.84148777  .00000042  00000+0  71809-4 0  9994
2 54113  87.9094 283.1130 0001747  85.6675 274.4657 13.19723924191295
ONEWEB-0492             
1 54114U 22138B   26277.94257868 -.00000002  00000+0 -37073-4 0  9991
2 54114  87.9101 283.0934 0001541  91.4187 268.7123 13.19726305191314
ONEWEB-0495             
1 54115U 22138C   26277.76882733 -.00000018  00000+0 -78515-4 0  9990
2 54115  87.9089 283.1259 0001548  70.8067 289.3234 13.19725617191278
ONEWEB-0497             
1 54116U 22138D   26277.93307522 -.00000099  00000+0 -27975-3 0  9990
2 54116  87.9099 283.0930 0001840  87.9052 272.2292 13.19726427191289
ONEWEB-0499             
1 54117U 22138E   26277.76488507  .00000073  00000+0  14958-3 0  9992
2 54117  87.9095 283.1293 0001809  83.1772 276.9567 13.19723701191278
ONEWEB-0500             
1 54118U 22138F   26277.84307280  .00000024  00000+0  27438-4 0  9994
2 54118  87.9100 283.1130 0001791  90.5821 269.5517 13.19725797191295
ONEWEB-0501             
1 54119U 22138G   26277.94889185  .00000030  00000+0  43713-4 0  9996
2 54119  87.9098 283.0918 0001653  77.8168 282.3150 13.19725904191289
ONEWEB-0502             
1 54120U 22138H   26277.93467967  .00001493  00000+0  36955-2 0  9999
2 54120  87.9102 283.0862 0002038  79.1590 280.9772 13.19722440191306
ONEWEB-0503             
1 54121U 22138J   26277.92361503  .00000018  00000+0  12694-4 0  9996
2 54121  87.9106 283.0953 0002129  88.1592 271.9784 13.19723860191293
ONEWEB-0504             
1 54122U 22138K   26277.98680713  .00000076  00000+0  15656-3 0  9994
2 54122  87.9097 283.0845 0001861  81.8515 278.2829 13.19725705191313
ONEWEB-0505             
1 54123U 22138L   26277.98363456 -.00000086  00000+0 -24647-3 0  9990
2 54123  87.9094 283.0841 0001752  75.9988 284.1340 13.19725458191290
ONEWEB-0506             
1 54124U 22138M   26277.95837415  .00000109  00000+0  23904-3 0  9998
2 54124  87.9100 283.0894 0001741  80.5451 279.5878 13.19726270191288
ONEWEB-0507             
1 54125U 22138N   26277.97888188 -.00000061  00000+0 -18522-3 0  9993
2 54125  87.9090 283.0887 0001755  84.5584 275.5749 13.19725779191337
ONEWEB-0508             
1 54126U 22138P   26277.97574844  .00000144  00000+0  32792-3 0  9990
2 54126  87.9098 283.0898 0001651  81.1445 278.9874 13.19724474191317
ONEWEB-0509             
1 54127U 22138Q   26277.95047361  .00000093  00000+0  20024-3 0  9996
2 54127  87.9098 283.0930 0001764  89.0838 271.0497 13.19725458191287
ONEWEB-0510             
1 54128U 22138R   26277.97936494 -.00000003  00000+0 -39264-4 0  9993
2 54128  87.9162 252.5302 0002260  92.1209 268.0183 13.20770722193773
ONEWEB-0511             
1 54129U 22138S   26277.94729554 -.00000477  00000+0 -12248-2 0  9994
2 54129  87.9095 283.0918 0002102  83.9648 276.1725 13.19727232191317
ONEWEB-0512             
1 54130U 22138T   26277.93941578  .00000019  00000+0  14145-4 0  9997
2 54130  87.9096 283.0946 0001803  80.5098 279.6238 13.19724799191288
ONEWEB-0513             
1 54131U 22138U   26277.97587664  .00000087  00000+0  18463-3 0  9995
2 54131  87.9095 283.0147 0002164  63.8529 296.2827 13.20261385191205
ONEWEB-0514             
1 54132U 22138V   26277.95520207  .00000037  00000+0  60024-4 0  9990
2 54132  87.9098 283.0906 0001996  92.6268 267.5093 13.19723545191300
ONEWEB-0515             
1 54133U 22138W   26277.96589735  .00000076  00000+0  15447-3 0  9994
2 54133  87.9165 252.5321 0001806 109.5014 250.6315 13.20771928193790
ONEWEB-0516             
1 54134U 22138X   26277.92992324 -.00000066  00000+0 -19675-3 0  9991
2 54134  87.9090 283.0966 0001733  89.7150 270.4181 13.19726089191303
ONEWEB-0517             
1 54135U 22138Y   26277.98522204  .00000090  00000+0  19358-3 0  9997
2 54135  87.9100 283.0847 0002176  87.8437 272.2945 13.19726445191318
ONEWEB-0518             
1 54136U 22138Z   26277.47346050 -.00000026  00000+0 -97780-4 0  9992
2 54136  87.9094 283.1896 0001648  91.4119 268.7203 13.19725185191246
ONEWEB-0519             
1 54137U 22138AA  26277.95360971 -.00000079  00000+0 -22926-3 0  9991
2 54137  87.9095 283.0899 0002083  89.0223 271.1149 13.19726050191310
ONEWEB-0520             
1 54138U 22138AB  26277.83674987  .00000032  00000+0  47159-4 0  9997
2 54138  87.9096 283.1153 0001719  83.3074 276.8254 13.19725934191287
ONEWEB-0521             
1 54139U 22138AC  26277.94573259  .00000067  00000+0  13610-3 0  9992
2 54139  87.9104 283.0862 0002161  90.6679 269.4701 13.19726646191240
ONEWEB-0522             
1 54140U 22138AD  26277.77354777  .00000026  00000+0  33302-4 0  9993
2 54140  87.9101 283.1222 0001853  84.9151 275.2193 13.19727104191260
ONEWEB-0523             
1 54141U 22138AE  26277.95241186  .00000087  00000+0  18290-3 0  9998
2 54141  87.9161 252.5415 0002380 101.7832 258.3568 13.20769618193797
ONEWEB-0524             
1 54142U 22138AF  26277.94231716  .00000053  00000+0  97326-4 0  9997
2 54142  87.9161 252.5395 0001584 109.3213 250.8092 13.20769970193797
ONEWEB-0525             
1 54143U 22138AG  26277.94415735 -.00000047  00000+0 -14915-3 0  9990
2 54143  87.9096 283.0930 0001609  81.9335 278.1980 13.19724294191309
ONEWEB-0526             
1 54144U 22138AH  26277.97732888  .00000083  00000+0  17454-3 0  9994
2 54144  87.9097 283.0862 0001752  89.0874 271.0460 13.19724289191287
ONEWEB-0529             
1 54145U 22138AJ  26277.98047914  .00000088  00000+0  18780-3 0  9993
2 54145  87.9091 283.0877 0001725  84.5305 275.6025 13.19726340191307
ONEWEB-0531             
1 54146U 22138AK  26277.92884178 -.00000028  00000+0 -10199-3 0  9991
2 54146  87.9162 252.5400 0002222  98.4341 261.7045 13.20773323193795
ONEWEB-0535             
1 54147U 22138AL  26277.71037437  .00000012  00000+0 -22920-5 0  9996
2 54147  87.9104 283.1358 0002119  96.2050 263.9325 13.19727343191288
ONEWEB-0536             
1 54148U 22138AM  26277.91538520  .00000027  00000+0  33246-4 0  9995
2 54148  87.9160 252.5569 0002140 111.4508 248.6854 13.20769999193786
ONEWEB-0527             
1 54642U 22166A   26277.86073403  .00000006  00000+0 -16255-4 0  9992
2 54642  87.9307 222.1711 0001929  75.1170 285.0177 13.21826478186024
ONEWEB-0528             
1 54643U 22166B   26277.86157455  .00000068  00000+0  13271-3 0  9994
2 54643  87.9309 222.1748 0001803  71.3197 288.8133 13.21826615186032
ONEWEB-0539             
1 54644U 22166C   26277.82371437 -.00000116  00000+0 -31132-3 0  9991
2 54644  87.9316 222.1610 0002160  74.0226 286.1146 13.21826957186022
ONEWEB-0540             
1 54645U 22166D   26277.83059000 -.00000045  00000+0 -14099-3 0  9996
2 54645  87.9306 222.1822 0002048  77.0307 283.1056 13.21823221186012
ONEWEB-0542             
1 54646U 22166E   26277.90952332 -.00000045  00000+0 -13955-3 0  9995
2 54646  87.9315 222.1442 0002246  73.6643 286.4738 13.21824852186032
ONEWEB-0545             
1 54647U 22166F   26277.87419093  .00000109  00000+0  23166-3 0  9998
2 54647  87.9305 222.1541 0002589  78.3699 281.7726 13.21824289185998
ONEWEB-0580             
1 54648U 22166G   26277.84896348  .00000963  00000+0  22990-2 0  9999
2 54648  87.9305 222.1590 0002405  80.1265 280.0141 13.21835384186037
ONEWEB-0582             
1 54649U 22166H   26277.89101791 -.00000001  00000+0 -34342-4 0  9997
2 54649  87.9314 222.1464 0002431  74.9569 285.1834 13.21824208186011
ONEWEB-0583             
1 54650U 22166J   26277.90280146  .00000004  00000+0 -21717-4 0  9997
2 54650  87.9309 222.1644 0002091  75.8434 284.2932 13.21825738186029
ONEWEB-0584             
1 54651U 22166K   26277.84727457 -.00000906  00000+0 -22248-2 0  9992
2 54651  87.9311 222.1581 0002042  77.4197 282.7166 13.21828963186006
ONEWEB-0585             
1 54652U 22166L   26277.94651373 -.00000348  00000+0 -87522-3 0  9994
2 54652  87.9314 222.1322 0001833  74.4870 285.6466 13.21826183186024
ONEWEB-0586             
1 54653U 22166M   26277.88430651  .00000034  00000+0  51703-4 0  9995
2 54653  87.9309 222.1666 0002262  75.0328 285.1056 13.21825322186015
ONEWEB-0587             
1 54654U 22166N   26277.81868387 -.00000037  00000+0 -12013-3 0  9995
2 54654  87.9319 222.1639 0001627  76.9188 283.2128 13.21826513186163
ONEWEB-0589             
1 54655U 22166P   26277.80522070  .00000033  00000+0  48953-4 0  9998
2 54655  87.9307 222.1653 0002827  78.2000 281.9451 13.21827150186025
ONEWEB-0590             
1 54656U 22166Q   26277.90602995  .00000017  00000+0  93346-5 0  9994
2 54656  87.9317 222.1458 0002003  88.9101 271.2263 13.21825349186027
ONEWEB-0591             
1 54657U 22166R   26277.84221379 -.00000087  00000+0 -24309-3 0  9991
2 54657  87.9308 222.1634 0002012  78.2271 281.9089 13.21827381186048
ONEWEB-0592             
1 54658U 22166S   26277.84560360  .00000036  00000+0  56213-4 0  9990
2 54658  87.9316 222.1508 0001998  75.4464 284.6891 13.21827514185928
ONEWEB-0593             
1 54659U 22166T   26277.86746670  .00000080  00000+0  16239-3 0  9995
2 54659  87.9312 222.1527 0002085  73.0271 287.1091 13.21826598186038
ONEWEB-0594             
1 54660U 22166U   26277.88766037  .00000039  00000+0  64151-4 0  9999
2 54660  87.9305 222.1609 0001812  73.4358 286.6975 13.21824259186059
ONEWEB-0595             
1 54661U 22166V   26277.86409272 -.00000001  00000+0 -33650-4 0  9994
2 54661  87.9315 222.1556 0001781  78.7547 281.3787 13.21827176186026
ONEWEB-0596             
1 54662U 22166W   26277.83887518 -.00000020  00000+0 -78791-4 0  9991
2 54662  87.9304 222.1646 0001912  76.5071 283.6276 13.21824358186026
ONEWEB-0597             
1 54663U 22166X   26277.82035753 -.00000041  00000+0 -12980-3 0  9997
2 54663  87.9306 222.1698 0002090  76.1141 284.0225 13.21827307186024
ONEWEB-0600             
1 54664U 22166Y   26277.87754939  .00000005  00000+0 -20156-4 0  9991
2 54664  87.9310 222.1512 0002020  70.1388 289.9963 13.21826796186007
ONEWEB-0601             
1 54665U 22166Z   26277.86916045  .00000049  00000+0  87980-4 0  9994
2 54665  87.9307 222.1668 0002281  75.3639 284.7748 13.21826576186191
ONEWEB-0602             
1 54666U 22166AA  26277.91036533  .00000033  00000+0  49521-4 0  9998
2 54666  87.9304 222.1636 0002013  69.3428 290.7921 13.21824362186041
ONEWEB-0603             
1 54667U 22166AB  26277.84056520  .00000008  00000+0 -12461-4 0  9995
2 54667  87.9317 222.1461 0002046  73.7823 286.3536 13.21825196185965
ONEWEB-0604             
1 54668U 22166AC  26277.90445449 -.00000206  00000+0 -52987-3 0  9992
2 54668  87.9307 222.1464 0001897  74.7791 285.3553 13.21825965185935
ONEWEB-0605             
1 54669U 22166AD  26277.82205609  .00000011  00000+0 -38151-5 0  9998
2 54669  87.9309 222.1704 0002470  85.5305 274.6111 13.21825301185995
ONEWEB-0606             
1 54670U 22166AE  26277.84392350 -.00000016  00000+0 -69619-4 0  9990
2 54670  87.9309 222.1777 0001814  73.6039 286.5294 13.21825549186056
ONEWEB-0607             
1 54671U 22166AF  26277.88595339 -.00000023  00000+0 -87063-4 0  9998
2 54671  87.9311 222.1475 0002058  76.3922 283.7441 13.21826583186037
ONEWEB-0608             
1 54672U 22166AG  26277.81700425 -.00000058  00000+0 -17170-3 0  9995
2 54672  87.9315 222.1618 0002454  79.4738 280.6672 13.21823860186037
ONEWEB-0610             
1 54673U 22166AH  26277.87250077  .00000062  00000+0  11818-3 0  9991
2 54673  87.9308 222.1537 0002574  73.0907 287.0509 13.21824553185940
ONEWEB-0611             
1 54674U 22166AJ  26277.86579074  .00000043  00000+0  73828-4 0  9991
2 54674  87.9311 222.1531 0001906  75.5731 284.5615 13.21829006185936
ONEWEB-0612             
1 54675U 22166AK  26277.87923123 -.00000020  00000+0 -79066-4 0  9998
2 54675  87.9314 222.1531 0002117  75.7354 284.4015 13.21826414185920
ONEWEB-0615             
1 54676U 22166AL  26277.85906631  .00000076  00000+0  15287-3 0  9995
2 54676  87.9304 222.1633 0001744  71.5934 288.5390 13.21825066185930
ONEWEB-0655             
1 54677U 22166AM  26277.91119530 -.00000180  00000+0 -46789-3 0  9996
2 54677  87.9308 222.1536 0002067  70.2294 289.9063 13.21825918185939
ONEWEB-0659             
1 54678U 22166AN  26277.85231861 -.00000050  00000+0 -15308-3 0  9991
2 54678  87.9305 222.1641 0001822  79.6053 280.5287 13.21827316186017
ONEWEB-0685             
1 54679U 22166AP  26277.92622728 -.00000014  00000+0 -63140-4 0  9994
2 54679  87.9305 222.1025 0002364  87.7031 272.4374 13.23188278185927
ONEWEB-0712             
1 54680U 22166AQ  26277.87563485  .00000059  00000+0  12062-3 0  9997
2 54680  87.9180 207.0075 0002041  59.7813 300.3520 13.16594479186499
ONEWEB-0714             
1 54681U 22166AR  26277.85736871  .00000040  00000+0  64597-4 0  9998
2 54681  87.9313 222.1559 0001945  67.1642 292.9697 13.21826927186020
ONEWEB-0532             
1 55140U 23004A   26277.91214509 -.00000091  00000+0 -26652-3 0  9994
2 55140  87.9183 344.0787 0002035 108.0073 252.1281 13.17647875182039
ONEWEB-0533             
1 55141U 23004B   26277.85775192 -.00000322  00000+0 -92962-3 0  9992
2 55141  87.8951 328.8956 0002094  96.8413 263.2954 13.12441908182446
ONEWEB-0541             
1 55142U 23004C   26277.74448242  .00000185  00000+0  48643-3 0  9996
2 55142  87.8969 359.2936 0001739 108.8972 251.2344 13.11419671180305
ONEWEB-0543             
1 55143U 23004D   26277.88128723 -.00000099  00000+0 -28296-3 0  9999
2 55143  87.9127 313.6629 0001775  88.1536 271.9800 13.18687161184153
ONEWEB-0544             
1 55144U 23004E   26277.79866646 -.00000012  00000+0 -63389-4 0  9991
2 55144  87.9129 313.6791 0001687  94.5209 265.6116 13.18684192184146
ONEWEB-0560             
1 55145U 23004F   26277.86781512 -.00000018  00000+0 -77592-4 0  9995
2 55145  87.9127 313.6550 0001629  93.0719 267.0600 13.18686957184161
ONEWEB-0565             
1 55146U 23004G   26277.86107054  .00000016  00000+0  71694-5 0  9993
2 55146  87.9122 313.6748 0001706 106.1838 253.9482 13.18684882184156
ONEWEB-0567             
1 55147U 23004H   26277.85432032  .00000005  00000+0 -21324-4 0  9993
2 55147  87.9126 313.6693 0001647 102.5703 257.5613 13.18686983184155
ONEWEB-0569             
1 55148U 23004J   26277.78003571 -.00000295  00000+0 -84162-3 0  9998
2 55148  87.8896 298.4124 0000981  87.7859 272.3382 13.13469885184562
ONEWEB-0570             
1 55149U 23004K   26277.84588382 -.00000006  00000+0 -47427-4 0  9998
2 55149  87.9126 313.6684 0002244 104.9176 255.2205 13.18687191184144
ONEWEB-0571             
1 55150U 23004L   26277.91502686  .00000065  00000+0  13172-3 0  9993
2 55150  87.9126 313.6538 0001092 134.3133 225.8089 13.18686391184160
ONEWEB-0572             
1 55151U 23004M   26277.94336105  .00000006  00000+0 -18054-4 0  9999
2 55151  87.9185 344.0751 0001839 104.1843 255.9493 13.17647792181939
ONEWEB-0573             
1 55152U 23004N   26277.83239136  .00000024  00000+0  27855-4 0  9992
2 55152  87.9126 313.6730 0001421 120.5667 239.5605 13.18687345184145
ONEWEB-0588             
1 55153U 23004P   26277.82566403  .00000004  00000+0 -22837-4 0  9996
2 55153  87.9125 313.6723 0002078 109.0289 251.1068 13.18686623184149
ONEWEB-0598             
1 55154U 23004Q   26277.95131121 -.00000577  00000+0 -16636-2 0  9990
2 55154  87.8968 359.2574 0001172 114.1684 245.9567 13.11417668180284
ONEWEB-0599             
1 55155U 23004R   26277.90455828 -.00000023  00000+0 -93615-4 0  9999
2 55155  87.9185 344.0815 0001613  96.1868 263.9447 13.17650444181937
ONEWEB-0614             
1 55156U 23004S   26277.94623173 -.00000555  00000+0 -16021-2 0  9998
2 55156  87.8959 359.2623 0002201 106.8594 253.2775 13.11415531180227
ONEWEB-0616             
1 55157U 23004T   26277.71892698  .00000013  00000+0  10827-5 0  9992
2 55157  87.9181 344.1228 0001669  70.5342 289.5970 13.17648102182123
ONEWEB-0617             
1 55158U 23004U   26277.93436810 -.00000131  00000+0 -40567-3 0  9992
2 55158  87.8957 359.2628 0002148 109.6115 250.5245 13.11415665180244
ONEWEB-0618             
1 55159U 23004V   26277.60723488  .00002549  00000+0  13854-3 0  9999
2 55159  86.9063 133.1870 0009656 242.5023 117.5237 15.13993774198818
ONEWEB-0619             
1 55160U 23004W   26277.75098556 -.00000512  00000+0 -13528-2 0  9995
2 55160  87.9195 344.1059 0002240  93.7942 266.3446 13.17650074182024
ONEWEB-0620             
1 55161U 23004X   26277.92926922  .00000077  00000+0  18050-3 0  9992
2 55161  87.8960 359.2656 0001658 109.7870 250.3437 13.11415846180216
ONEWEB-0621             
1 55162U 23004Y   26277.72749965 -.00000514  00000+0 -14859-2 0  9991
2 55162  87.8966 359.3041 0002053 102.5497 257.5861 13.11419659180168
ONEWEB-0622             
1 55163U 23004Z   26277.73259185 -.00000280  00000+0 -82696-3 0  9998
2 55163  87.8959 359.3034 0002414 119.8722 240.2646 13.11418999180151
ONEWEB-0623             
1 55164U 23004AA  26277.66998417 -.00000029  00000+0 -10877-3 0  9992
2 55164  87.9182 344.1403 0002659 106.7492 253.3932 13.17649862182003
ONEWEB-0624             
1 55165U 23004AB  26277.85952710 -.00000301  00000+0 -86701-3 0  9992
2 55165  87.8952 328.7922 0001972 102.3173 257.8176 13.12931713182460
ONEWEB-0625             
1 55166U 23004AC  26277.88766744 -.00000011  00000+0 -61270-4 0  9999
2 55166  87.9182 344.0955 0001379  95.8245 264.3044 13.17648725182023
ONEWEB-0626             
1 55167U 23004AD  26277.72568262  .00000000  00000+0 -31899-4 0  9999
2 55167  87.9185 344.1268 0001546 103.8691 256.2613 13.17649563182007
ONEWEB-0627             
1 55168U 23004AE  26277.94166770  .00000049  00000+0  93910-4 0  9996
2 55168  87.9186 344.0849 0002361 102.7839 257.3556 13.17650461182031
ONEWEB-0628             
1 55169U 23004AF  26277.95784445 -.00001598  00000+0 -44788-2 0  9992
2 55169  87.8957 328.8624 0002699  96.5823 263.5612 13.12451000182434
ONEWEB-0629             
1 55170U 23004AG  26277.91668981 -.00016973  00000+0 -43818-1 0  9991
2 55170  87.9183 344.0732 0002287  93.7521  27.6337 13.17668347  5262
ONEWEB-0631             
1 55171U 23004AH  26277.89479535  .00000054  00000+0  10513-3 0  9993
2 55171  87.9138 313.6357 0001817 110.7154 249.4173 13.18685323184138
ONEWEB-0709             
1 55172U 23004AJ  26277.91911503  .00000438  00000+0  11990-2 0  9998
2 55172  87.8960 359.2699 0001082 123.3395 236.7837 13.11415687180259
ONEWEB-0710             
1 55173U 23004AK  26277.93153901 -.00000084  00000+0 -25027-3 0  9997
2 55173  87.9184 344.0774 0002013 103.6506 256.4850 13.17649602182039
ONEWEB-0711             
1 55174U 23004AL  26277.73768420 -.00000091  00000+0 -29195-3 0  9992
2 55174  87.8969 359.2980 0002452 111.2532 248.8858 13.11419151180194
ONEWEB-0713             
1 55175U 23004AM  26277.75633839  .00000468  00000+0  12845-2 0  9999
2 55175  87.8970 359.2973 0002150 107.4784 252.6579 13.11417929180183
ONEWEB-0715             
1 55176U 23004AN  26277.67496029  .00000396  00000+0  10826-2 0  9996
2 55176  87.8969 359.3129 0001469 122.5598 237.5672 13.11417765180217
ONEWEB-0716             
1 55177U 23004AP  26277.92479096 -.00000123  00000+0 -35040-3 0  9996
2 55177  87.9183 344.0818 0001814  93.1498 266.9841 13.17649235182030
ONEWEB-0717             
1 55178U 23004AQ  26277.90792185 -.00000071  00000+0 -21607-3 0  9998
2 55178  87.9185 344.0806 0002292 111.8822 248.2553 13.17647015182082
ONEWEB-0719             
1 55179U 23004AR  26277.91805122 -.00000066  00000+0 -20263-3 0  9997
2 55179  87.9194 344.0611 0001954  94.3628 265.7727 13.17647782182033
ONEWEB-0530             
1 55796U 23029A   26277.93727039  .00000099  00000+0  21082-3 0  9995
2 55796  87.9150 252.5607 0002365  89.0143 271.1261 13.20770125175632
ONEWEB-0534             
1 55797U 23029B   26277.92543078 -.00002680  00000+0 -66251-2 0  9990
2 55797  87.9110 252.5658 0002530  83.9262 276.2159 13.20777378175633
ONEWEB-0556             
1 55798U 23029C   26277.93222399 -.00000014  00000+0 -67347-4 0  9990
2 55798  87.9151 252.5620 0002622  69.1903 290.9511 13.20772341175638
ONEWEB-0562             
1 55799U 23029D   26277.91875704  .00000002  00000+0 -27729-4 0  9999
2 55799  87.9161 252.5535 0002810  82.5572 277.5880 13.20772654175632
ONEWEB-0563             
1 55800U 23029E   26277.91370837  .00000016  00000+0  63947-5 0  9996
2 55800  87.9152 252.5775 0001835  79.7906 280.3434 13.20770436175628
ONEWEB-0564             
1 55801U 23029F   26277.90697320  .00000039  00000+0  64038-4 0  9991
2 55801  87.9159 252.5578 0002356  84.8034 275.3368 13.20772621175634
ONEWEB-0638             
1 55802U 23029G   26277.92619346 -.00000139  00000+0 -41035-3 0  9990
2 55802  87.8892 267.8471 0002359  79.8845 280.2551 13.14502278173815
ONEWEB-0639             
1 55803U 23029H   26277.96626000  .00000136  00000+0  30676-3 0  9994
2 55803  87.9091 283.0917 0001227  52.4807 307.6437 13.19726810173385
ONEWEB-0640             
1 55804U 23029J   26277.93464968 -.00000127  00000+0 -37586-3 0  9994
2 55804  87.8890 267.8351 0002369  75.2789 284.8603 13.14503210173837
ONEWEB-0641             
1 55805U 23029K   26277.96153356  .00000168  00000+0  38728-3 0  9996
2 55805  87.9099 283.0887 0001839  86.2409 273.8934 13.19724116173397
ONEWEB-0642             
1 55806U 23029L   26277.95678837  .00000032  00000+0  48425-4 0  9998
2 55806  87.9091 283.0953 0001087  80.1855 279.9400 13.19725976173386
ONEWEB-0643             
1 55807U 23029M   26277.98202448  .00000084  00000+0  19140-3 0  9991
2 55807  87.8897 267.8148 0001219  86.7030 273.4239 13.14501820173812
ONEWEB-0644             
1 55808U 23029N   26277.95204058 -.00000060  00000+0 -18206-3 0  9996
2 55808  87.9095 283.0962 0001552  87.6632 272.4678 13.19726858173389
ONEWEB-0645             
1 55809U 23029P   26277.97417012  .00000115  00000+0  25444-3 0  9996
2 55809  87.9092 283.0896 0001739  75.9452 284.1874 13.19725931173389
ONEWEB-0646             
1 55810U 23029Q   26277.83989242  .00000107  00000+0  23427-3 0  9992
2 55810  87.9093 283.1167 0001616  88.9309 271.2009 13.19723732173354
ONEWEB-0648             
1 55811U 23029R   26277.94985388  .00000095  00000+0  22291-3 0  9996
2 55811  87.8902 267.8056 0001526  59.0556 301.0724 13.14503603173817
ONEWEB-0649             
1 55812U 23029S   26277.94099223  .00000000  00000+0 -32272-4 0  9999
2 55812  87.9093 283.0947 0001723  82.8894 277.2434 13.19726419173401
ONEWEB-0650             
1 55813U 23029T   26277.70879631  .00000025  00000+0  31044-4 0  9995
2 55813  87.9093 283.1428 0001304  81.9466 278.1815 13.19724394173343
ONEWEB-0652             
1 55814U 23029U   26277.93126648 -.00000138  00000+0 -40654-3 0  9997
2 55814  87.8900 267.8144 0002020  90.0053 270.1308 13.14503179173781
ONEWEB-0653             
1 55815U 23029V   26277.91601099 -.00000157  00000+0 -45905-3 0  9999
2 55815  87.8900 267.8161 0001964  85.1243 275.0111 13.14505584173815
ONEWEB-0654             
1 55816U 23029W   26277.91095700 -.00000062  00000+0 -20119-3 0  9991
2 55816  87.8900 267.8132 0002252  87.7487 272.3900 13.14504149173837
ONEWEB-0656             
1 55817U 23029X   26277.97599899 -.00000017  00000+0 -74668-4 0  9995
2 55817  87.9169 252.5281 0002337  89.0198 271.1203 13.20769788175643
ONEWEB-0657             
1 55818U 23029Y   26277.93152363  .00000015  00000+0  59242-5 0  9991
2 55818  87.9097 283.0977 0002343 107.7017 252.4372 13.19726145173386
ONEWEB-0658             
1 55819U 23029Z   26277.92678181  .00000032  00000+0  47233-4 0  9997
2 55819  87.9100 283.0837 0001467  87.5812 272.5489 13.19726172173394
ONEWEB-0660             
1 55820U 23029AA  26277.96507620  .00000308  00000+0  79554-3 0  9998
2 55820  87.8904 267.8028 0001885  79.9991 280.1351 13.14505593173824
ONEWEB-0661             
1 55821U 23029AB  26277.92281639 -.00000145  00000+0 -42677-3 0  9991
2 55821  87.8892 267.8394 0002037  80.2598 279.8761 13.14502801173802
ONEWEB-0662             
1 55822U 23029AC  26277.95832921  .00000275  00000+0  70636-3 0  9999
2 55822  87.8894 267.8385 0001942  82.9389 277.1962 13.14504109173858
ONEWEB-0663             
1 55823U 23029AD  26277.92554210  .00000014  00000+0  16378-5 0  9995
2 55823  87.9163 252.6057 0001721  71.7733 288.3588 13.20875375175630
ONEWEB-0664             
1 55824U 23029AE  26277.96252353  .00000060  00000+0  11543-3 0  9991
2 55824  87.9154 252.5700 0002230  77.7317 282.4066 13.20771213175637
ONEWEB-0665             
1 55825U 23029AF  26277.92028185 -.00000171  00000+0 -49503-3 0  9994
2 55825  87.8903 267.8248 0001816  79.3878 280.7457 13.14502135173826
ONEWEB-0666             
1 55826U 23029AG  26277.95577820  .00000007  00000+0 -14110-4 0  9997
2 55826  87.9151 252.5607 0002059 103.9336 256.2026 13.20772931175648
ONEWEB-0667             
1 55827U 23029AH  26277.95073694  .00000080  00000+0  16401-3 0  9992
2 55827  87.9164 252.5349 0001935  78.7357 281.3994 13.20769673175631
ONEWEB-0669             
1 55828U 23029AJ  26277.94567326 -.00000079  00000+0 -22556-3 0  9990
2 55828  87.9161 252.5416 0002491  85.8975 274.2443 13.20772586175634
ONEWEB-0670             
1 55829U 23029AK  26277.97523818  .00000199  00000+0  50254-3 0  9999
2 55829  87.8894 267.8264 0002145  79.5456 280.5915 13.14504459173858
ONEWEB-0671             
1 55830U 23029AL  26277.77041485  .00000045  00000+0  79829-4 0  9994
2 55830  87.9094 283.1309 0001825  84.1802 275.9539 13.19725690173357
ONEWEB-0672             
1 55831U 23029AM  26277.94065665  .00000078  00000+0  16079-3 0  9993
2 55831  87.9162 252.5369 0002064  90.0531 270.0839 13.20771114175637
ONEWEB-0673             
1 55832U 23029AN  26277.97494668  .00000136  00000+0  30711-3 0  9990
2 55832  87.9096 283.0871 0001908  86.0985 274.0366 13.19726421173383
ONEWEB-0674             
1 55833U 23029AP  26277.94142197 -.00000052  00000+0 -17513-3 0  9999
2 55833  87.8899 267.8153 0002211  80.0687 280.0693 13.14502407173839
ONEWEB-0675             
1 55834U 23029AQ  26277.83831722  .00000136  00000+0  30791-3 0  9991
2 55834  87.9090 283.1187 0001791 101.4852 258.6482 13.19722748173380
ONEWEB-0720             
1 55835U 23029AR  26277.98206780  .00000106  00000+0  23135-3 0  9999
2 55835  87.9090 283.0899 0001666  83.9256 276.2066 13.19726509173320
ONEWEB-0537             
1 56046U 23043A   26277.85821442  .00000002  00000+0 -29260-4 0  9996
2 56046  87.9180 207.0071 0001876  79.2973 280.8369 13.16593932173393
ONEWEB-0538             
1 56047U 23043B   26277.77587938  .00000088  00000+0  19563-3 0  9994
2 56047  87.9176 207.0260 0001647  76.2813 283.8501 13.16594151173390
ONEWEB-0546             
1 56048U 23043C   26277.76320552 -.00000049  00000+0 -16157-3 0  9996
2 56048  87.9174 207.0280 0002122  93.0091 267.1283 13.16592677173387
ONEWEB-0547             
1 56049U 23043D   26277.85652075  .00000072  00000+0  14402-3 0  9990
2 56049  87.9313 222.1547 0001851  73.8728 286.2609 13.21824110172714
ONEWEB-0548             
1 56050U 23043E   26277.86374484  .00000074  00000+0  16001-3 0  9997
2 56050  87.9178 207.0032 0002315  70.6472 289.4909 13.16594551173393
ONEWEB-0549             
1 56051U 23043F   26277.85068961 -.00005859  00000+0 -14236-1 0  9991
2 56051  87.9308 222.1568 0001583  68.0712 292.0590 13.21780308172719
ONEWEB-0550             
1 56052U 23043G   26277.83719548  .00000001  00000+0 -28800-4 0  9992
2 56052  87.9311 222.1598 0002107  71.1972 288.9390 13.21826714172717
ONEWEB-0551             
1 56053U 23043H   26277.90597055 -.00000063  00000+0 -20030-3 0  9993
2 56053  87.9015 237.3488 0001612  77.2928 282.8383 13.15548119170821
ONEWEB-0552             
1 56054U 23043J   26277.90784166 -.00000069  00000+0 -19845-3 0  9993
2 56054  87.9307 222.1475 0001913  69.2925 290.8414 13.21826213172722
ONEWEB-0553             
1 56055U 23043K   26277.84553713 -.00000066  00000+0 -20604-3 0  9991
2 56055  87.9175 207.0122 0002102  85.7905 274.3466 13.16593151173405
ONEWEB-0554             
1 56056U 23043L   26277.83287318 -.00000044  00000+0 -14990-3 0  9993
2 56056  87.9168 207.0215 0002398  69.3056 290.8332 13.16593049173381
ONEWEB-0555             
1 56057U 23043M   26277.79488316  .00000050  00000+0  97710-4 0  9997
2 56057  87.9178 207.0197 0002103  87.5376 272.5996 13.16594250173381
ONEWEB-0557             
1 56058U 23043N   26277.80912500  .00000032  00000+0  51395-4 0  9996
2 56058  87.9179 207.0275 0001733  87.2474 272.8855 13.16594176173388
ONEWEB-0558             
1 56059U 23043P   26277.90112080 -.00000010  00000+0 -54599-4 0  9990
2 56059  87.9308 222.1462 0001671  81.1767 278.9556 13.21826164172732
ONEWEB-0559             
1 56060U 23043Q   26277.88934603  .00000038  00000+0  60172-4 0  9994
2 56060  87.9312 222.1465 0001776  73.1953 286.9375 13.21824829172741
ONEWEB-0566             
1 56061U 23043R   26277.88259619  .00000025  00000+0  29162-4 0  9992
2 56061  87.9314 222.1464 0001698  71.0938 289.0380 13.21827206172726
ONEWEB-0568             
1 56062U 23043S   26277.82652164  .00000001  00000+0 -30556-4 0  9993
2 56062  87.9179 207.0122 0001965  81.1923 278.9430 13.16596117173409
ONEWEB-0574             
1 56063U 23043T   26277.87587465  .00000037  00000+0  57861-4 0  9996
2 56063  87.9313 222.1528 0002150  75.7101 284.4271 13.21826664172764
ONEWEB-0575             
1 56064U 23043U   26277.82021447  .00000102  00000+0  23416-3 0  9996
2 56064  87.9179 207.0095 0002188  75.2486 284.8887 13.16593457173390
ONEWEB-0576             
1 56065U 23043V   26277.80119311  .00000102  00000+0  23358-3 0  9998
2 56065  87.9181 207.0236 0002106  75.8227 284.3138 13.16596495173388
ONEWEB-0577             
1 56066U 23043W   26277.80754709  .00000078  00000+0  17171-3 0  9993
2 56066  87.9182 207.0201 0002673  72.5610 287.5813 13.16595753173416
ONEWEB-0578             
1 56067U 23043X   26277.86242575  .00000076  00000+0  15285-3 0  9995
2 56067  87.9313 222.1512 0002099  84.1338 276.0036 13.21826899172721
ONEWEB-0579             
1 56068U 23043Y   26277.85401757  .00000073  00000+0  14490-3 0  9998
2 56068  87.9315 222.1551 0001891  68.3488 291.7847 13.21827390172738
ONEWEB-0581             
1 56069U 23043Z   26277.81387386  .00000034  00000+0  54590-4 0  9999
2 56069  87.9177 207.0235 0002448  70.4153 289.7242 13.16595651173382
ONEWEB-0609             
1 56070U 23043AA  26277.93210049 -.00000042  00000+0 -14460-3 0  9997
2 56070  87.9009 237.3273 0001904  80.5368 279.5977 13.15548844170865
ONEWEB-0613             
1 56071U 23043AB  26277.92973953 -.00000048  00000+0 -16229-3 0  9998
2 56071  87.9010 237.3406 0001735  74.3903 285.7419 13.15547953170864
ONEWEB-0630             
1 56072U 23043AC  26277.84891409 -.00000057  00000+0 -18516-3 0  9996
2 56072  87.9020 237.3360 0001840  73.6563 286.4769 13.15549770170849
ONEWEB-0632             
1 56073U 23043AD  26277.84417365 -.00000120  00000+0 -35290-3 0  9991
2 56073  87.9012 237.3493 0002104  77.5822 282.5543 13.15548545170849
ONEWEB-0633             
1 56074U 23043AE  26277.91387184 -.00000052  00000+0 -17162-3 0  9997
2 56074  87.9022 237.3196 0001570  74.1049 286.0254 13.15549467170832
ONEWEB-0634             
1 56075U 23043AF  26277.89963258  .00000052  00000+0  10417-3 0  9991
2 56075  87.9015 237.3541 0001896  88.5133 271.6215 13.15548427170824
ONEWEB-0635             
1 56076U 23043AG  26277.89487745  .00000131  00000+0  31522-3 0  9992
2 56076  87.9024 237.3267 0002219  77.3665 282.7713 13.15547829170850
ONEWEB-0636             
1 56077U 23043AH  26277.96301181  .00000064  00000+0  13627-3 0  9991
2 56077  87.9020 237.3167 0002149  78.8138 281.3234 13.15547577170841
ONEWEB-0637             
1 56078U 23043AJ  26277.95668141  .00000064  00000+0  13485-3 0  9995
2 56078  87.9012 237.3273 0002150  84.2644 275.8731 13.15548166170863
ONEWEB-0647             
1 56079U 23043AK  26277.95185494  .00005839  00000+0  15458-1 0  9996
2 56079  87.8929 237.3404 0002814  77.8140 282.3306 13.15589937170853
ONEWEB-0651             
1 56080U 23043AL  26277.94715733  .00000151  00000+0  36640-3 0  9992
2 56080  87.9010 237.3340 0002198  83.6315 276.5065 13.15548979172052
ONEWEB-0718             
1 56081U 23043AM  26277.86633345  .00000113  00000+0  26494-3 0  9996
2 56081  87.9017 237.3370 0001693  92.5545 267.5779 13.15550077170856
ONEWEB-0561             
1 56710U 23068A   26277.96926461  .00000056  00000+0  10545-3 0  9993
2 56710  87.9162 252.5399 0002171  76.1604 283.9771 13.20771082163990
ONEWEB-0668             
1 56711U 23068B   26277.86454023  .00000100  00000+0  22926-3 0  9999
2 56711  87.9175 207.0068 0001944  90.2666 269.8688 13.16595671166216
ONEWEB-0676             
1 56712U 23068C   26277.87244786  .00000130  00000+0  30722-3 0  9990
2 56712  87.9173 207.0126 0002230  72.4453 287.6922 13.16596306166131
ONEWEB-0677             
1 56713U 23068D   26277.88171257  .00000089  00000+0  18694-3 0  9991
2 56713  87.9162 252.5485 0002340  87.7086 272.4316 13.20773017164280
ONEWEB-0678             
1 56714U 23068E   26277.91071935 -.00000040  00000+0 -13911-3 0  9994
2 56714  87.9022 237.3246 0001884  71.5141 288.6194 13.15548204163719
ONEWEB-0679             
1 56715U 23068F   26277.83129139 -.00000003  00000+0 -41562-4 0  9999
2 56715  87.9177 207.0109 0002299  84.2833 275.8560 13.16595185166150
ONEWEB-0680             
1 56716U 23068G   26277.85569545  .00000013  00000+0  90935-6 0  9990
2 56716  87.9317 222.1563 0002169  91.1078 269.0304 13.21826827165586
ONEWEB-0681             
1 56717U 23068H   26277.86007765  .00000066  00000+0  12866-3 0  9995
2 56717  87.9314 222.1646 0002845  69.3469 290.7969 13.21302068165571
ONEWEB-0682             
1 56718U 23068J   26277.85842704  .00000043  00000+0  80537-4 0  9991
2 56718  87.9017 237.3334 0002155  92.8434 267.2943 13.15548871163870
ONEWEB-0683             
1 56719U 23068K   26277.95824876  .00000157  00000+0  38388-3 0  9995
2 56719  87.9022 237.3166 0001913  86.8613 273.2736 13.15548983163852
ONEWEB-0684             
1 56720U 23068L   26277.89011477  .00000159  00000+0  38763-3 0  9994
2 56720  87.9021 237.3174 0001151  37.6307 322.4903 13.15549555163679
ONEWEB-0686             
1 56721U 23068M   26277.86770810  .00000021  00000+0  21556-4 0  9996
2 56721  87.9168 207.0172 0001589  78.8254 281.3056 13.16594703166140
ONEWEB-0694             
1 56722U 23068N   26277.87403183  .00000080  00000+0  17607-3 0  9990
2 56722  87.9177 206.9969 0001962  87.6900 272.4455 13.16595756166204
ONEWEB-0696             
1 56723U 23068P   26277.84731783 -.00000069  00000+0 -21719-3 0  9996
2 56723  87.9012 237.3562 0001929  64.9842 295.1488 13.15550066163788
ONEWEB-0703             
1 56724U 23068Q   26277.93290014 -.00000050  00000+0 -16669-3 0  9992
2 56724  87.9019 237.3244 0002312  57.1841 302.9512 13.15548900163681
ONEWEB-0721             
1 56725U 23068R   26277.84543573  .00000022  00000+0  19294-4 0  9999
2 56725  86.6771  50.4812 0001618  97.6674 262.4643 13.22476275172430
ONEWEB-0015             
1 61594U 24188A   26277.94791325 -.00000496  00000+0 -14354-2 0  9991
2 61594  87.8959 359.2775 0002359 100.5333 259.6061 13.11418348 98847
ONEWEB-0687             
1 61595U 24188B   26277.88261194  .00000006  00000+0 -18406-4 0  9991
2 61595  87.9179 344.0937 0002270 108.9411 251.1967 13.17648025100340
ONEWEB-0688             
1 61596U 24188C   26277.91130831 -.00000048  00000+0 -15558-3 0  9990
2 61596  87.9181 344.0886 0003161  96.3529 263.7962 13.17647639100341
ONEWEB-0689             
1 61597U 24188D   26277.75294270  .00000403  00000+0  11007-2 0  9998
2 61597  87.8972 359.2870 0001844 111.4310 248.7015 13.11418710 98813
ONEWEB-0690             
1 61598U 24188E   26277.68683549  .00000464  00000+0  12722-2 0  9994
2 61598  87.8970 359.3097 0001731  82.1458 277.9867 13.11416001 98984
ONEWEB-0691             
1 61599U 24188F   26277.75805449  .00000538  00000+0  14826-2 0  9997
2 61599  87.8982 359.2151 0002219 103.3808 256.7567 13.11416242 98849
ONEWEB-0692             
1 61600U 24188G   26277.93097920  .00000030  00000+0  48158-4 0  9991
2 61600  87.8959 359.2734 0001254 122.2173 237.9077 13.11415168 98850
ONEWEB-0693             
1 61601U 24188H   26277.92309111 -.00000188  00000+0 -51862-3 0  9990
2 61601  87.9173 344.0995 0002012  77.1027 283.0329 13.17650586100330
ONEWEB-0695             
1 61602U 24188J   26277.75463899  .00000511  00000+0  14068-2 0  9990
2 61602  87.8959 359.3000 0001649 118.4327 241.6967 13.11418502 98827
ONEWEB-0697             
1 61603U 24188K   26277.93942915 -.00000279  00000+0 -82221-3 0  9992
2 61603  87.8965 359.2570 0001179 118.9868 241.1378 13.11417577 98832
ONEWEB-0698             
1 61604U 24188L   26277.76482066  .00000432  00000+0  11831-2 0  9997
2 61604  87.8960 359.3030 0000866  71.7239 288.3983 13.11416442 98835
ONEWEB-0699             
1 61605U 24188M   26277.78826932  .00000317  00000+0  87262-3 0  9998
2 61605  87.8923  14.4585 0001140 112.2236 247.9013 13.10375750 97663
ONEWEB-0700             
1 61606U 24188N   26277.78996590  .00000446  00000+0  12414-2 0  9996
2 61606  87.8931  14.3834 0001230 110.0678 250.0582 13.10375816 97653
ONEWEB-0701             
1 61607U 24188P   26277.80693203  .00000539  00000+0  15079-2 0  9998
2 61607  87.8921  14.4574 0001069 114.0842 246.0397 13.10370434 97663
ONEWEB-0702             
1 61608U 24188Q   26277.65800525 -.00000184  00000+0 -55541-3 0  9996
2 61608  87.8979 359.2497 0001327 142.1791 217.9430 13.11418126 98830
ONEWEB-0704             
1 61609U 24188R   26277.79505470  .00000560  00000+0  15692-2 0  9991
2 61609  87.8921  14.4508 0001318 138.1373 221.9855 13.10375436 97641
ONEWEB-0705             
1 61610U 24188S   26277.80015899  .00000482  00000+0  13441-2 0  9999
2 61610  87.8923  14.4559 0002091 131.3497 228.7811 13.10371429 89817
ONEWEB-0706             
1 61611U 24188T   26277.78487958  .00000146  00000+0  38337-3 0  9995
2 61611  87.8925  14.4607 0001565 121.0519 239.0763 13.10375567 97738
ONEWEB-0707             
1 61612U 24188U   26277.79167154  .00000473  00000+0  13175-2 0  9995
2 61612  87.8920  14.4564 0001545 120.8470 239.2810 13.10373942 97670
ONEWEB-0708             
1 61613U 24188V   26277.81033807  .00000441  00000+0  12279-2 0  9995
2 61613  87.8910  14.4618 0002196 113.9396 246.1961 13.10370726 97652
